"","GeneID","TValue","PValue","Coefficient","sig.cnt","GeneID","AlzheimersPValue","AsthmaPValue","CADPValue","CKDPValue","CLDPValue","COPDPValue","EthnicityPValue","HIVPValue","LupusPValue","ObesePValue","ONDPValue","RAPValue","T1DPValue","AlzheimersFC","AsthmaFC","CADFC","CKDFC","CLDFC","COPDFC","EthnicityFC","HIVFC","LupusFC","ObeseFC","ONDFC","RAFC","T1DFC","AdjP"
"19230","RPS28",5.08140610594696,0.000354200267238507,0.837409638905462,6,"RPS28",1,1,1,0.00000000000034775651143244,0.0000963544994908602,0.00233539049375572,1,0.00000000000000212765780790565,1,1,0.0276421144761417,0.00429771452086685,1,1,1,1,1.1378359440661,1.02463842843128,0.995939544395064,1,1.09365964431666,1,1,1.06619301280191,0.984852968801072,1,0.413720061603057
"19171","RPLP1",5.00016486462102,0.000402425179479729,0.833341728928447,6,"RPLP1",1,0.026273167550872,1,0.000000000000118793077234962,0.000362308539712592,0.00487318729257908,1,0.0000000000000000140988592631192,1,1,0.000204136538932328,1,1,1,0.997085456237615,1,1.15553621790771,1.01766476510869,0.998238140682322,1,1.11839080191914,1,1,1.13562924064399,1,1,0.413720061603057
"23078","TOMM20",-4.83652001304506,0.000521890968101354,-0.824716609876977,8,"TOMM20",0.000100951172487238,0.0103471714317407,1,0.00000000985392159204778,0.00475383968907369,1,1,0.000000282388203884719,1,0.0168070256507607,0.0367042333912052,0.00227688052444603,1,0.983731758275716,0.989371799436537,1,0.870771922262265,0.985878858817085,1,1,0.981855425775544,1,0.979738721147454,0.913491201908739,1.02068095525347,1,0.413720061603057
"5528","DR1",4.80662372435255,0.000547496117932929,0.823075759457354,7,"DR1",1,1,1,0.0000000000000000000617478159512746,0.0000903982623853358,0.0134567302378654,1,0.00000000000000130208835028258,1,0.0216757790595106,0.000222532034464627,0.000405823261733266,1,1,1,1,1.26503282920923,1.12200004951665,0.984911028539396,1,1.05351542685178,1,0.978920915531534,1.20237834752414,0.977913875697348,1,0.413720061603057
"17430","POU2F1",4.57719335589666,0.000793977238112254,0.809765140277494,6,"POU2F1",0.0000141405359876204,1,1,0.000000000132014029303698,1,1,1,0.00000043156113015979,1,0.0157782148768684,0.0193723974824853,0.000000063924249327861,1,1.01253814114567,1,1,1.172717959359,1,1,1,1.02072089769773,1,0.984908980221155,1.14181178540018,0.969158307469059,1,0.413720061603057
"152","ACADM",-4.4195398342848,0.00102929912599097,-0.799828844356941,5,"ACADM",0.000000855053614694004,1,1,0.00000000228138732813457,0.000633951585115183,1,1,1,1,1,0.0470120832254214,0.000828427039530992,1,0.975464815060185,1,1,0.764965413195798,0.951896554475432,1,1,1,1,1,0.887657294644666,1.0425228985403,1,0.413720061603057
"18924","RNF138",-4.36154956937991,0.00113336738632126,-0.795999766438673,4,"RNF138",1,1,1,0.000000014061375538227,0.00000337938043145946,1,1,1,1,1,0.010283421445067,0.000293869271900093,1,1,1,1,0.734194695423175,0.911010568367412,1,1,1,1,1,0.778761995149214,1.06655778395611,1,0.413720061603057
"9501","IRGQ",4.49973170307547,0.00114357913449195,0.818165691180306,6,"IRGQ",NA,1,1,0.0000000000000139070954707857,0.0281797085464692,1,1,1,1,0.0320364835777953,0.0145168411213174,0.00368924696511857,0.00461413447819151,NA,1,1,1.13244180321189,1.06059289179787,1,1,1,1,1.04273360876129,1.16467695059244,0.988464368742148,1.06750389710676,0.413720061603057
"17384","POLR3GL",-4.38986472640207,0.00135634660130856,-0.811396272591583,8,"POLR3GL",0.0000000000484855502433417,1,NA,0.000000000545178949605335,0.000000516366758011149,0.00368228576354246,1,0.00000376113014853402,1,1,0.000122153902059186,0.00294450261833993,0.00560851190075852,0.964991027242943,1,NA,0.903279455623318,0.922032678632933,0.990229638272813,1,0.976231183720031,1,1,0.833684730779383,1.01993726323373,0.975707143496298,0.413720061603057
"19115","RPL23A",4.24228755345287,0.00138354541183284,0.78781372185028,9,"RPL23A",0.000126916789149574,1,1,0.0000000000000000000505217036580122,0.00000745423529578729,0.00266644209474555,1,0.000000000000000000367111864592898,1,0.00598250424357176,0.00160466149437079,0.0262148590311675,0.0278970566342002,0.991373761176141,1,1,1.25910908661466,1.02271639341715,0.998113551073792,1,1.09275891358172,1,0.997948665975043,1.09815742149387,0.996396632642714,0.99636434938286,0.413720061603057
"6801","FBXW7",-4.23631001849266,0.00139751307433872,-0.787392069028174,5,"FBXW7",1,1,1,0.0000000000603281764462336,1,1,0.00315900757784483,0.00314558817490844,1,1,0.0347355178610855,0.00391627522790446,1,1,1,1,0.774043795762766,1,1,1.11531688018671,0.978602071004351,1,1,0.741118743866536,1.02484941202064,1,0.413720061603057
"13131","MBTD1",-5.07602814408629,0.00143738933933737,-0.886771851282602,5,"MBTD1",NA,1,1,0.0000000000187634303076015,0.000000190716103979382,1,NA,NA,NA,0.0221737515614974,0.0450028717845139,0.000110536808583922,1,NA,1,1,0.792071016887731,0.879495230114016,1,NA,NA,NA,0.98005232589351,0.912756382646923,1.03211703602658,1,0.413720061603057
"214","ACPP",-4.28387871271701,0.00160157469176252,-0.804541129772791,4,"ACPP",1,1,1,0.00000000467645885111024,1,NA,1,0.00153868612128437,1,1,0.015574410521987,0.00584959966984311,1,1,1,1,0.892057989593519,1,NA,1,0.984568428020621,1,1,0.903253796095445,1.0365581910666,1,0.413720061603057
"12790","LYRM1",-4.1471904964983,0.00162415473315322,-0.780972381004309,4,"LYRM1",1,1,1,0.000000000351726833471719,1,1,1,0.000638951320965091,1,1,0.0188945975412101,0.00000000000141352620250075,1,1,1,1,0.914015018982055,1,1,1,0.991849755946842,1,1,0.902384991517813,1.04180414228332,1,0.413720061603057
"18710","RFXAP",-4.14630887997764,0.00162657931707927,-0.780907606821081,7,"RFXAP",0.0445889609594753,1,1,0.000000000156827032480549,0.0240162482842778,1,1,0.0170783171986841,1,0.027077250149033,0.00164791213127198,0.0042289905553072,1,1.00344048465492,1,1,0.689209387407813,0.914553947884687,1,1,1.00329473728758,1,0.970891195169906,0.786388103275249,1.05489080718588,1,0.413720061603057
"6802","FBXW7",-4.11669503629149,0.00171025413676025,-0.778717106319996,5,"FBXW7",1,1,1,0.0000000000603281764462336,1,1,0.0215820989003386,0.00314558817490844,1,1,0.0347355178610855,0.00391627522790446,1,1,1,1,0.774043795762766,1,1,1.16490035939882,0.978602071004351,1,1,0.741118743866536,1.02484941202064,1,0.413720061603057
"24517","WWP1",-4.05743808928551,0.00189143730764138,-0.774246880703604,6,"WWP1",0.0000114093293138754,1,1,0.00000111047758297284,0.0236749057497079,1,1,0.0000000150508293957773,1,1,0.0310499898464054,0.00152934054375954,1,0.979214856403548,1,1,0.727959596654386,0.971705905737464,1,1,1.01592086380066,1,1,0.848099035151568,1.05104848569471,1,0.413720061603057
"1553","ATP5IF1",-4.05615940721559,0.00189556041846305,-0.774149120741516,8,"ATP5IF1",0.0000000713757950017287,1,1,0.00000000000000000000000301055401280625,0.000965580302350535,1,0.0240265930817503,0.00185595587867535,1,1,0.0393259997215148,0.00000505182318165354,0.0318445919599503,0.981073510056787,1,1,0.815931618197598,0.884143277701615,1,1.17331753580693,0.985524908414903,1,1,0.89820310402234,1.0307556729559,0.984128853923839,0.413720061603057
"17182","PLEKHM1",4.03325031430831,0.00197103763568851,0.772388210803734,5,"PLEKHM1",0.0000113853806683759,1,1,0.0000969439635518172,1,1,1,1,1,0.0268060153244475,0.0452386560118716,0.000434330680937002,1,1.01398824435995,1,1,1.08244299497235,1,1,1,1,1,1.01267210345696,1.08799532664784,0.982811502278791,1,0.413720061603057
"21491","SRP9",-4.03272544630734,0.00197280309309646,-0.772347656706428,6,"SRP9",0.000822909989923853,1,1,0.000000000409290228680401,0.00906309668842662,1,1,0.000000112073351664847,1,1,0.00571235535894278,0.0000916084862188192,1,0.977116160093017,1,1,0.799967727036985,1.02523040360171,1,1,0.983621053981952,1,1,0.907503272411877,1.03841860121025,1,0.413720061603057
"19068","RPAIN",-4.02920783051121,0.00198467756955852,-0.772075623045623,7,"RPAIN",0.00000000000138915944769254,1,1,0.0000000000000995653364492287,1,1,0.0282431122857352,0.00000161804486695167,1,1,0.0181269150155644,0.0004067707210516,0.0126993771242546,0.965104953480975,1,1,0.774591383667171,1,1,1.17086055945202,0.971839608967368,1,1,0.799212245994092,0.963308727252816,0.94557622302317,0.413720061603057
"23795","UBE2H",4.01465834545702,0.00203458800180119,0.770945920407736,6,"UBE2H",1,1,1,0.000000000000000000138388343907055,1,0.0173231224549076,1,0.000000306109823221726,1,0.0221865934521704,0.00308873017693443,0.000487170783451206,1,1,1,1,1.28246936503416,1,0.979479800314949,1,1.03476046023187,1,1.02470582654623,1.16430861665559,0.982446357891009,1,0.413720061603057
"13010","MAPK6",-4.01058800601679,0.00204878331868314,-0.770628567906985,4,"MAPK6",0.00359299372266334,1,1,0.00000307616088067789,1,1,1,1,1,1,0.0385436601247833,0.0000976972164885885,1,0.991254557072447,1,1,0.891245933504696,1,1,1,1,1,1,0.956541524459613,1.04724988912359,1,0.413720061603057
"5696","EBAG9",-4.00941092514288,0.00205290756429845,-0.770536687332678,6,"EBAG9",0.000000698237646672832,1,1,0.0000000000200815007160004,0.000452966721974319,1,1,0.0000224868375391369,1,1,0.0000505727949207962,0.0152182354360407,1,0.978255842655435,1,1,0.856011883500984,0.964273247172254,1,1,0.988323899688775,1,1,0.78769842914577,1.02222704574786,1,0.413720061603057
"10506","LEMD3",-4.00620988274599,0.00206416707694696,-0.770286577240339,5,"LEMD3",0.0463525213148388,1,1,0.00000254742911274928,1,1,1,0.04015936450453,1,1,0.0158987473342016,0.0000382024455363699,1,0.987078886286836,1,1,0.876412845065966,1,1,1,1.00902001886996,1,1,0.887111384573314,1.03945590837506,1,0.413720061603057
"12886","MAGEH1",-4.00417840852497,0.00207134598633572,-0.770127665523836,6,"MAGEH1",1,1,1,0.0000000000115735414136691,1,0.00293766648004035,1,0.00118163126553116,0.00146666643367063,1,0.0088921672613248,1,0.0248067463451297,1,1,1,0.878765664905263,1,0.97884900268255,1,0.989595193387006,1.06937182508627,1,0.834983110588926,1,0.963596797437325,0.413720061603057
"13049","MARCHF7",-3.99128708108273,0.00211751118484128,-0.769115892764219,6,"MARCHF7",1,1,1,0.000000036462956241054,0.0000084244161425693,1,1,0.0139794753848697,1,1,0.000393727014836699,0.000000924115620941608,0.0141611042546994,1,1,1,0.784616731751676,0.858889822861517,1,1,1.01120811758374,1,1,0.830257406951174,1.03557507853578,0.957106968264088,0.413720061603057
"19736","SELENOH",-4.09351315680949,0.00216695904161483,-0.791368389681409,6,"SELENOH",1,1,NA,0.000000000604493338885417,0.00182561944394777,0.00701150138460837,1,1,1,0.0484858858407837,0.029981469873699,0.000000527987168741037,1,1,1,NA,0.874282450401218,0.98325522389376,0.983691801622527,1,1,1,1.01533761735851,0.90774708830635,1.03895702739427,1,0.413720061603057
"7440","GAS5",-5.12127941636637,0.00217550508155176,-0.902121729249385,5,"GAS5",NA,1,NA,0.000000000000000145984967009051,1,0.00035325963349924,NA,NA,NA,1,0.0145129136653303,0.000034336585956174,0.000758727781302645,NA,1,NA,0.846796759894727,1,0.970258651363848,NA,NA,NA,1,0.795540749507161,1.07221449256937,0.932917425099658,0.413720061603057
"19093","RPL13",3.96319575537291,0.00222185241195898,0.76689095667548,6,"RPL13",1,0.0461979965923165,1,0.000000163019252756503,0.000487092818322182,0.000219881976191199,1,0.0000000000000000000000236621835521271,1,1,0.000410163403746089,1,1,1,0.994778377769903,1,1.0760479210471,1.02622425004602,0.994475899081268,1,1.08285643059814,1,1,1.14650089700903,1,1,0.413720061603057
"19498","SART1",3.92288327470777,0.00238100979678769,0.763649041219474,6,"SART1",0.0270360084060118,1,1,0.0000000000000000316211272668579,1,0.027993926502485,1,0.00535812400188926,1,1,0.0348843331560274,0.000022443321206404,1,1.00339364702378,1,1,1.22296538318791,1,0.990873439132587,1,1.00469921559985,1,1,1.16874873660805,0.978331132082539,1,0.413720061603057
"15107","NFU1",-3.91381659133525,0.00241840932597591,-0.762911842043059,6,"NFU1",0.0000000372198686978737,1,1,0.00000154297433705095,0.000434809072545578,1,1,0.00000527930003608184,1,1,0.0365905031437693,0.0000000176613638799818,1,0.978861580922252,1,1,0.866712588291633,1.04337274417724,1,1,0.983949002940026,1,1,0.885484781381616,1.07246142679011,1,0.413720061603057
"18304","RAB7A",-3.90732521038588,0.00244556003496639,-0.762382202357428,5,"RAB7A",1,1,1,0.00000000000000000000931785397585996,1,1,1,0.000000560433469134463,1,1,0.043350742719908,0.00173725824999104,0.0392461818637946,1,1,1,0.856443620270768,1,1,1,0.973016178307534,1,1,0.842413987591653,1.01313515299767,1.01562477354876,0.413720061603057
"8743","HNRNPH3",-3.89486370877958,0.00249857128275517,-0.761361143049413,8,"HNRNPH3",0.0432525157770204,1,1,0.000000000591257671504332,0.000132346951040711,1,0.0204458064778203,0.00000000000387342589770088,1,0.0240172940184646,0.000294545222292625,0.00016230880184795,1,0.989729625376709,1,1,0.81999661067471,0.950033760702532,1,1.14570060038539,1.01599380092384,1,0.991996796524307,0.756607177623467,1.03487215088433,1,0.413720061603057
"5089","DENND4A",-3.87862295400237,0.00256945424602563,-0.760021866930256,5,"DENND4A",1,1,1,0.0000000862795964943305,1,1,1,0.00000087723780254542,0.00247183411753575,1,0.00288719138469766,0.00952619686634747,1,1,1,1,0.66642802815779,1,1,1,1.02547259919231,1.06838115109184,1,0.830362840394747,1.04138218652044,1,0.413720061603057
"13453","MINDY3",-3.97325041858106,0.00262948948376416,-0.782434325728023,7,"MINDY3",0.0433827913476469,1,1,0.00000214665267762708,0.00379732534053222,NA,0.0490742466869659,0.000000242704702736296,1,1,0.0172146498721673,0.000000386517486148113,1,0.993876362539642,1,1,0.863666273495279,0.953412831457217,NA,1.09409716072197,1.0242352974961,1,1,0.84178376372024,1.07130959384584,1,0.413720061603057
"4640","CUTC",-3.86503178460531,0.00263037487601553,-0.758893592954251,7,"CUTC",0.00000010476176673056,1,1,0.000000259567783503641,0.000015008756852521,1,0.0141527226653057,0.000614363194254077,1,1,0.00787170762088272,0.0000000304843583109062,1,0.979511666899678,1,1,0.907925458463706,0.90478521651044,1,1.14127874786845,0.982156170457558,1,1,0.880197965356063,1.04396702433306,1,0.413720061603057
"9579","ITIH3",3.97256067745678,0.0026324228218015,0.782381643852569,5,"ITIH3",1,1,1,0.0000287642166035907,0.0317375597985131,NA,1,0.000378941530646701,1,1,0.023789420751653,0.0479979820168986,1,1,1,1,1.0794409097219,1.0325648248959,NA,1,1.00785949112827,1,1,1.02669404517454,0.977760746492982,1,0.413720061603057
"19069","RPAIN",-3.85149722005618,0.00269253102738768,-0.757763185234341,7,"RPAIN",0.00000000000138915944769254,1,1,0.0000000000000995653364492287,1,1,0.00378867206137091,0.00000161804486695167,1,1,0.0181269150155644,0.0004067707210516,0.0126993771242546,0.965104953480975,1,1,0.774591383667171,1,1,1.19866093750541,0.971839608967368,1,1,0.799212245994092,0.963308727252816,0.94557622302317,0.413720061603057
"19724","SEC62",-3.8388948299862,0.00275177511290783,-0.756704462908896,5,"SEC62",1,1,1,0.000000240728912858317,0.000000000760226540266547,1,1,1,1,0.0101052048486806,0.000585873038877677,0.000000200885025099078,1,1,1,1,0.795684244124657,0.83591161541412,1,1,1,1,1.01385997997229,0.833436503136599,1.06343979362712,1,0.413720061603057
"6800","FBXW7",-3.83777880797407,0.00275708624231237,-0.756610418249904,4,"FBXW7",1,1,1,0.0000000000603281764462336,1,1,1,0.00314558817490844,1,1,0.0347355178610855,0.00391627522790446,1,1,1,1,0.774043795762766,1,1,1,0.978602071004351,1,1,0.741118743866536,1.02484941202064,1,0.413720061603057
"6428","FAM149B1",-4.06650751971163,0.0028143428707521,-0.804713031313575,5,"FAM149B1",NA,1,1,0.00000763749054035367,0.00769335421070137,NA,1,0.0328341346214526,1,1,0.000857748036751874,0.000045706172045216,1,NA,1,1,0.920682534931426,0.92156973725256,NA,1,0.991057359686125,1,1,0.904786375858978,1.04913601371611,1,0.413720061603057
"2181","C11orf95",3.90861268278286,0.00291985441079419,0.777423560828858,4,"C11orf95",1,1,1,0.000181602791055427,1,NA,1,0.00447176621972764,1,1,0.0206497736169578,0.000601130922687967,1,1,1,1,1.05130376890279,1,NA,1,1.00577884531314,1,1,1.06179401993355,0.972943002990248,1,0.413720061603057
"14520","MTO1",-3.80059523540971,0.00294024962789523,-0.753450027302836,6,"MTO1",0.00440870069946044,1,1,0.000000000000000547708299319306,0.0154819412687259,1,1,1,1,0.0162321828731317,0.0451429165469462,1,0.0306101553408608,0.990269803626182,1,1,0.798912736121777,0.960758021730373,1,1,1,1,0.974590368774056,0.761769911504425,1,0.975424646438054,0.413720061603057
"25050","ZNF33A",-3.89157013491263,0.00300187683375774,-0.776077210467264,6,"ZNF33A",0.0109786416841607,1,NA,0.0000000000989320161737915,0.00439150902733937,1,1,0.0038249774846174,1,1,0.0393627478847851,0.00054016985341381,1,0.994858529634731,1,NA,0.870533883049409,0.938545567989091,1,1,1.00522006407837,1,1,0.88000103347156,1.02252601621311,1,0.413720061603057
"24413","WDR74",3.76895766595164,0.00310599947997544,0.750719241999519,5,"WDR74",1,1,1,0.00000000239803821520261,1,0.000789468114110178,1,0.000000000865017678409536,1,1,0.00321933260123302,0.0069966565610352,1,1,1,1,1.13276673527105,1,0.981187518959428,1,1.03258188571349,1,1,1.18498608565805,0.986760039903831,1,0.413720061603057
"25025","ZNF302",-3.75546059116926,0.00317962441149156,-0.749542403591353,6,"ZNF302",0.0000000848674633891236,1,1,0.00122939450010402,1,0.0133587638682378,1,1,0.0376636788808116,1,0.01133322187232,0.0000143347259778727,1,0.970068591298131,1,1,0.910856308277234,1,0.973276332877807,1,1,1.05538649566607,1,0.809180164287878,1.11739118499883,1,0.413720061603057
"14160","MOAP1",-3.75306722085349,0.003192867172098,-0.749332975539417,4,"MOAP1",1,1,1,0.0000000000000000670489606781134,1,1,1,0.00983037964206995,1,0.0161266100944132,0.0265160285554532,1,1,1,1,1,0.837838661377585,1,1,1,0.987130017342563,1,0.974199829376752,0.872830665264856,1,1,0.413720061603057
"8433","HBP1",-3.73661765874787,0.003285440416674,-0.747887479104178,8,"HBP1",0.0318008650471099,1,0.0286518089422335,0.000908148888266896,0.0303461505691837,1,0.0234139038931652,1,1,1,0.00531280026739371,0.000000209943665201606,0.0403001265400088,0.993307981997067,1,1.16454798848965,0.866668847665693,0.904184662559756,1,1.10154950511392,1,1,1,0.848598018069654,1.02895697329202,0.928888470258515,0.413720061603057
"17613","PPWD1",-3.73519138978196,0.00329359662672266,-0.747761642783666,5,"PPWD1",0.0000000260241076713587,1,1,0.0000000000446252727841455,1,1,1,0.00000000710589050862289,1,1,0.0368673533315965,0.0114968059155724,1,0.980250138393767,1,1,0.76510757317242,1,1,1,1.02213809210976,1,1,0.802716755675173,1.03327312342288,1,0.413720061603057
"15448","NRIP1",-3.73386311028935,0.00330121129349457,-0.747644379334193,4,"NRIP1",1,1,1,0.000000013757722358303,0.00525546436614968,1,1,1,1,1,0.0103871370611192,0.0102393810860947,1,1,1,1,0.80791981128276,0.94734459509047,1,1,1,1,1,0.747402474792613,1.02712424743761,1,0.413720061603057
"17938","PSMA2",-3.73048328147177,0.00332066907579305,-0.74734568492299,5,"PSMA2",0.00000000768109336646889,1,1,0.00288906752884093,0.00062071383397515,1,1,1,1,1,0.00394508712738805,0.00000000000783166370578398,1,0.977665019954572,1,1,0.923948929789137,0.928775412171655,1,1,1,1,1,0.879988836560265,1.08936484221989,1,0.413720061603057
"12704","LSM14A",-3.72999040651741,0.0033235164566379,-0.747302088906531,5,"LSM14A",0.0000047317971697327,1,1,0.0000000541584009227796,1,1,1,0.000683999309653325,1,1,0.00236428495213594,1,0.0166685949696621,0.980063276846534,1,1,0.877458030809915,1,1,1,0.989704713228475,1,1,0.825512758117222,1,0.984159630866073,0.413720061603057
"23138","TPD52",-3.72860155568442,0.00333155354335643,-0.747179189664754,5,"TPD52",0.00219943530920979,1,1,0.00000000128315013873349,1,1,0.0313728942364837,1,0.0100601611742625,1,0.000711873389202539,1,1,0.992487185506216,1,1,0.80039842788212,1,1,1.24121486470763,1,1.07509616707459,1,0.700267800882168,1,1,0.413720061603057
"19528","SC5D",-3.71818184380533,0.00339249496964209,-0.746254700969292,6,"SC5D",0.00885263075570137,1,1,0.00142702754834669,0.000226471150247119,1,1,0.000294470961725638,1,1,0.00757640552017411,0.000000596926627567621,1,0.992084086007142,1,1,0.911407787460714,0.904841925510757,1,1,0.980782650055312,1,1,0.837497113830524,1.0942992716655,1,0.413720061603057
"19080","RPGR",-3.69884801602827,0.00350864079206179,-0.744527797580716,6,"RPGR",0.000300266338349991,1,1,0.000166919511240151,1,0.0162911960785815,1,0.00000871731673525087,1,1,0.0406805226979626,0.000373554100727349,1,0.99404812122937,1,1,0.877701688787903,1,1.02556418497999,1,1.01365076258213,1,1,0.871769868356899,1.06922018591846,1,0.413720061603057
"23673","TUBE1",-3.7852732711081,0.00357094627555563,-0.767434665568957,6,"TUBE1",1,1,NA,0.0000000089613437262318,0.00000285205646485248,0.0164695675239164,1,0.0000000312780336023926,1,1,0.0150011374347122,0.0113657265075111,1,1,1,NA,0.698825045480383,0.83789576244656,0.970415145716599,1,1.01066427616847,1,1,0.760758457833579,1.05480095191986,1,0.413720061603057
"19152","RPL38",3.68317521563857,0.00360580241387749,0.743116840502966,5,"RPL38",1,1,1,0.000000000000000117656510549452,0.000000348524211133604,0.00167228256813441,1,0.0000010078794070551,1,1,0.00221509196461011,1,1,1,1,1,1.12886682792195,1.03771713814929,0.997410248014598,1,0.996079007227202,1,1,1.13760025288474,1,1,0.413720061603057
"13242","MED30",-3.75070482705615,0.00377943567803081,-0.764530490670383,7,"MED30",0.0134778677813351,1,NA,0.0000000000044761407442116,0.000809671088372837,1,1,0.00281656424787363,1,1,0.0000422128613646516,0.000000000000160695002855571,0.0117257627362562,0.991626220161021,1,NA,0.878202976136644,0.883900355582748,1,1,0.988040648802068,1,1,0.808610642295322,1.05468942304248,0.967634047764733,0.413720061603057
"25003","ZNF277",-3.65219307984532,0.00380612567235297,-0.740298206635402,5,"ZNF277",0.00117670643507953,1,1,0.0000304345309225699,0.000656579912435138,1,1,1,1,1,0.0145626918734199,0.00000000713976124341125,1,0.986286547075988,1,1,0.834445581097757,1.04437774462686,1,1,1,1,1,0.882124910265614,1.10110619402641,1,0.413720061603057
"5704","EBLN3P",-4.56806189685273,0.00381828034335613,-0.881294096087499,5,"EBLN3P",NA,1,NA,0.00000000000090085093332865,0.0120289882728372,1,NA,NA,NA,0.0312346629655603,0.000639748920177898,0.000779571444500869,1,NA,1,NA,0.744940745392434,0.964551099813895,1,NA,NA,NA,0.966720492076911,0.810160188908035,0.980717415035676,1,0.413720061603057
"2168","C11orf54",-3.7432887608939,0.00382579521893877,-0.763901314093344,6,"C11orf54",1,1,NA,0.00000000294657942493167,0.000570535547172762,1,1,0.0137519203921044,1,0.039934058431927,0.00602794009592368,0.0000000108737085155575,1,1,1,NA,0.886097580631521,0.941451332950061,1,1,0.99216523097611,1,0.972717238580388,0.843620606644198,1.07198987012333,1,0.413720061603057
"14939","NDUFA5",-3.73117283985641,0.00390281466254973,-0.76286869669893,5,"NDUFA5",NA,1,1,0.00000299803171415333,0.0217624447579549,1,1,0.0000859956482019107,1,1,0.000680923063680549,0.00000402934080260916,1,NA,1,1,0.871104248823787,0.974356254654643,1,1,1.00803942832091,1,1,0.820510498613391,1.1316443265318,1,0.413720061603057
"7840","GOLGA8A",-4.22570550909767,0.00390886656138081,-0.84757566485523,7,"GOLGA8A",NA,0.029505811547046,1,0.000000000000348737038759754,0.00458833226965598,0.00445090985193069,NA,NA,NA,0.0154725310050791,0.00775787303697844,0.000000698395474661043,1,NA,0.984930485679764,1,0.78316328320129,0.897800345037332,0.961552057392948,NA,NA,NA,0.964924516254216,0.710646911878715,0.955265450856219,1,0.413720061603057
"17993","PSMG1",-3.62947080674098,0.00396031117557013,-0.738205892485207,5,"PSMG1",0.0000123115010727715,1,1,0.000000423896229460255,1,1,1,0.0000000179344241635458,1,1,0.010526508815852,0.000188413066718898,1,0.989079351285593,1,1,0.866680777208337,1,1,1,1.02232086340446,1,1,0.866955013073333,1.04964193758946,1,0.413720061603057
"25181","ZNF529",-3.62438170469978,0.00399571772048981,-0.73773433534031,5,"ZNF529",0.0402005283408021,1,1,0.000000000000000014584755176379,1,0.00866391987915657,1,1,1,0.0471165507891352,0.0161278264148527,1,1,0.993629737138754,1,1,0.735936634275192,1,0.973024513760463,1,1,1,0.97847927135946,0.775598474904682,1,1,0.413720061603057
"23794","UBE2H",3.62270051842216,0.00400748580994237,0.737578318601808,7,"UBE2H",1,1,1,0.000000000000000000138388343907055,1,0.0173231224549076,0.000919184696111459,0.000000306109823221726,1,0.0221865934521704,0.00308873017693443,0.000487170783451206,1,1,1,1,1.28246936503416,1,0.979479800314949,0.717256639896934,1.03476046023187,1,1.02470582654623,1.16430861665559,0.982446357891009,1,0.413720061603057
"789","AMY1A",-3.70221405555116,0.00409352220847356,-0.760376739219027,4,"AMY1A",NA,1,1,0.000000000000101333490207438,0.0000475244846033032,1,1,0.00463528761966502,1,1,0.0105825880741007,1,1,NA,1,1,0.757207009414956,0.757189979254814,1,1,0.995386066994205,1,1,0.73521007692958,1,1,0.413720061603057
"19483","SAP18",-3.60438912462969,0.00413799929358078,-0.735871316485225,7,"SAP18",0.0000708441917021965,0.0476071612462374,1,0.000000571894020697763,0.00000610238175642456,1,1,0.0000128998514992809,1,1,0.0113831266904011,0.00455596701777221,1,0.991094065264435,0.994782342959621,1,0.90479804530614,1.02969634311023,1,1,0.97184611256456,1,1,0.87213215678227,1.02000962066585,1,0.413720061603057
"1138","ARFGAP2",3.60226465250487,0.00415342214799449,0.735672358086863,5,"ARFGAP2",1,1,1,0.0000000000000200426542425573,1,0.0184544980770631,1,0.00528404343971906,1,1,0.0262070015863658,0.0000170807933591486,1,1,1,1,1.20469353187646,1,0.988050555797543,1,0.99099807063061,1,1,1.12893682139474,0.982908698501844,1,0.413720061603057
"24746","ZCCHC2",-3.60134432485764,0.00416012173443714,-0.735586109557356,5,"ZCCHC2",1,1,1,0.0000106866770653493,0.00655826745617282,1,1,0.0000000000000298502170600003,1,1,0.00728013898496057,0.00865140125046948,1,1,1,1,0.87532695432065,0.906322119628,1,1,1.01535385329404,1,1,0.85035765379113,1.05782873760145,1,0.413720061603057
"290","ACYP2",-3.59626730649765,0.00419728071537263,-0.735109673004997,5,"ACYP2",1,1,1,0.0000113833289607703,1,1,1,0.0000000493298287473258,0.0308657128602406,1,1,0.0000141332356902865,0.0160388881173888,1,1,1,0.915065816705861,1,1,1,0.98585684978826,1.04388815276958,1,1,1.03601738698394,0.965934434270182,0.413720061603057
"8519","HELQ",-3.66506472837186,0.00435248094387569,-0.757130057733595,7,"HELQ",0.00733180598869247,1,NA,0.0000000000433974530319409,0.000023645984834611,0.0397180135208338,1,0.00400381093001953,1,1,0.0323917065176767,0.0000126021935550982,1,0.992613195378193,1,NA,0.824346205597548,0.895987786991362,0.983591086528807,1,1.0081468723702,1,1,0.910008451044307,1.05394510681933,1,0.413720061603057
"1982","BNIP3",-3.56971288288553,0.00439727574023289,-0.732599911044735,6,"BNIP3",0.0000109984701324685,1,1,0.0000000475082632905161,0.000813514110537131,0.00504564512030691,1,1,1,1,0.0101717710808102,0.0377313508296425,1,0.984641102207611,1,1,0.853328842512453,0.97111043145411,0.975716146907347,1,1,1,1,0.771444932238977,1.01994885966764,1,0.413720061603057
"23139","TPD52",-3.55878965715919,0.00448236601033792,-0.731558757703621,4,"TPD52",0.00219943530920979,1,1,0.00000000128315013873349,1,1,1,1,0.0100601611742625,1,0.000711873389202539,1,1,0.992487185506216,1,1,0.80039842788212,1,1,1,1,1.07509616707459,1,0.700267800882168,1,1,0.413720061603057
"10108","KLK4",3.75903015323156,0.00449171478188757,0.781600996505051,5,"KLK4",1,1,NA,0.0000000000000195902527582085,0.0237125872241956,NA,1,1,1,1,0.0184638397662039,0.0128278750607016,0.00144304405602336,1,1,NA,1.13180115347643,1.05720097127768,NA,1,1,1,1,1.1363696369637,0.986645475777431,1.05702718122035,0.413720061603057
"5153","DHFR",-3.55250811552443,0.0045320632416142,-0.730957701404644,7,"DHFR",1,1,1,0.0000000000000269368823756756,0.00258021417513968,1,0.00246923669554357,0.0000501141929626504,0.047660889488229,1,0.0435236010735843,0.000523184401527392,1,1,1,1,0.839409775532033,0.922334485171762,1,1.11276318869057,1.02263550483863,1.30925593333112,1,0.8723492202668,1.04116968912547,1,0.413720061603057
"1864","BEGAIN",3.63883056144441,0.0045455828027919,0.754802982181849,4,"BEGAIN",0.0352001148805089,1,1,0.00229149541230905,1,NA,1,0.000000635835789506407,1,1,0.0423602970148884,1,1,1.00274616954824,1,1,1.05888936810772,1,NA,1,1.02637654785197,1,1,1.09302915082383,1,1,0.413720061603057
"17481","PPIA",3.54977164839089,0.00455388996070371,0.730695326334518,9,"PPIA",0.0000000279015573774395,0.0334171661287128,1,0.0000000000114092406443675,0.0000000630083696601217,0.00145383702344376,1,0.000000000000000000969005434410407,1,1,0.000479031974111484,0.000000000937898671520447,0.0084242566353219,0.954336666467075,0.961550498729954,1,1.14034584377719,1.07061939993268,0.98587025508425,1,1.11548634215974,1,1,1.1165796214445,1.01768624855489,0.993891224781777,0.413720061603057
"24999","ZNF273",-3.54296962237499,0.00460861389456294,-0.730041736346707,5,"ZNF273",1,1,1,0.000057265868140513,1,0.039987023485261,1,0.0000176008047308446,1,1,0.0019968548627248,0.00101782747172464,1,1,1,1,0.886818710300841,1,0.970674776590995,1,1.00865317361938,1,1,0.875824698165225,1.03552097757501,1,0.413720061603057
"17297","PNN",-3.53831909203414,0.00464641714630674,-0.729593722155927,8,"PNN",0.0000127472604192491,1,1,0.00000000252487864356133,0.00000161562134678288,1,0.00464484870703313,1,1,0.00002951263488398,0.000119445419479725,0.0000208576909876151,0.00687140631706054,0.980170267946092,1,1,0.779521838939646,1.03507456310417,1,1.27180833912911,1,1,1.01600840379976,0.636314438975524,1.0581153152915,0.963523576324658,0.413720061603057
"23796","UBE2H",3.53647987567569,0.0046614555744251,0.729416279492447,7,"UBE2H",1,1,1,0.000000000000000000138388343907055,1,0.0173231224549076,0.00170343144022171,0.000000306109823221726,1,0.0221865934521704,0.00308873017693443,0.000487170783451206,1,1,1,1,1.28246936503416,1,0.979479800314949,0.700457348162354,1.03476046023187,1,1.02470582654623,1.16430861665559,0.982446357891009,1,0.413720061603057
"3707","CHMP5",-3.53566532515666,0.00466813175120277,-0.729337646767407,7,"CHMP5",0.00000000327910395876077,1,1,0.00876749481630154,0.00390452092756936,1,1,0.000216222588722637,0.0423580294648633,1,0.0240572222977174,0.0000000000102609291779991,1,0.959459030194655,1,1,0.897729276162467,1.05088835332066,1,1,1.02444000308058,1.13997948118312,1,0.832389776535794,1.11827077312341,1,0.413720061603057
"450","ADK",-3.53146585449156,0.00470270745693723,-0.728931791356332,6,"ADK",0.000729042057667461,0.0206773049299865,1,0.0000000149463544331146,0.00138592714182898,1,0.0397086953617383,1,1,1,0.000301558915729523,1,1,0.988576545889986,0.984218215593998,1,0.765980188493783,0.873275585671866,1,1.15916285680427,1,1,1,0.593226047904192,1,1,0.413720061603057
"16337","PAIP2",-3.61126761866477,0.0047580873228022,-0.75232695039583,5,"PAIP2",0.000838947585653724,1,NA,0.000000448087654959813,1,1,1,0.0139170764401481,1,1,0.00541088065392307,0.0000000228934921933827,1,0.981751690659116,1,NA,0.904747259138898,1,1,1,1.00918068602254,1,1,0.881168225704575,1.03296233483162,1,0.413720061603057
"6083","EPHA10",3.70956479985319,0.00484824610694307,0.777550353495776,4,"EPHA10",1,1,NA,0.000309594138640597,1,NA,1,0.000000000149031437354898,1,1,0.0498392857349971,0.0207305117237171,1,1,1,NA,1.05332667330808,1,NA,1,1.02204193645683,1,1,1.08066825775656,0.983102279914931,1,0.413720061603057
"17340","POLDIP3",3.50975754680214,0.00488568075292697,0.726821492087465,7,"POLDIP3",1,1,0.043085705249942,0.000000000000212079387933225,0.00613399879521948,0.0215928205516286,1,0.0000542376991865831,1,1,0.00882204534476731,0.00000216319488773206,1,1,1,0.905724013894146,1.12859297424723,1.05330511242095,0.989242008331246,1,0.987263545546687,1,1,1.13188070602556,0.985856587686841,1,0.413720061603057
"12800","LYSMD4",-3.50340577072351,0.00494058878620387,-0.726200104221612,6,"LYSMD4",1,1,1,0.0000000348892700636029,0.00000450827983616187,0.024303941064611,1,0.0000490997254826679,1,1,0.026804627008568,0.00133991976225327,1,1,1,1,0.896968745720052,0.928341585389812,1.01268499792733,1,0.985171286775344,1,1,0.80968096809681,1.02026916283686,1,0.413720061603057
"24171","VCPKMT",-3.502015056406,0.0049526951366992,-0.726063814033153,5,"VCPKMT",1,1,1,0.000000000229308235230641,0.00314071030826268,1,1,0.0000000938845839987182,1,1,0.00170928025588486,0.0000000264927573197886,1,1,1,1,0.740455577046903,0.917354910122292,1,1,1.03341085876896,1,1,0.644647035094796,1.07096415720023,1,0.413720061603057
"14915","NDFIP1",-3.50103167597514,0.00496127396681343,-0.725967390945174,5,"NDFIP1",1,1,1,0.0000000000000000266457597240057,0.000217639624302685,1,1,1,1,0.0246385178708749,0.00819750641942917,0.0016715729081821,1,1,1,1,0.809798919163242,0.939738102652019,1,1,1,1,0.965441129630199,0.73095672359476,1.01677748863811,1,0.413720061603057
"16863","PHF12",-3.57668510666718,0.00503940041345302,-0.749174599660074,5,"PHF12",0.00468551240072515,1,NA,0.00000000000000000000828252700820367,1,0.0202205906396132,1,1,1,1,0.00740974516338676,0.00759825804460028,1,1.00698529775782,1,NA,0.858732194694424,1,0.98448872169296,1,1,1,1,0.889101186211289,1.02306380221192,1,0.413720061603057
"18595","RCN3",3.57316175149935,0.00506901489291153,0.748850540963549,5,"RCN3",0.00105431877551244,1,1,0.00000000000000543752081942761,0.0400235997265098,NA,1,1,1,1,0.0233143711475317,1,0.0296104831856425,1.00873529105491,1,1,1.11123101974301,1.10295392163644,NA,1,1,1,1,1.13388429752066,1,1.03762080841538,0.413720061603057
"7877","GPALPP1",-3.4879113139484,0.00507720377165168,-0.724676798578235,4,"GPALPP1",1,1,1,0.00000000000021465103776703,0.000945528246579878,1,1,1,1,1,0.000512778235486328,0.00555482785656745,1,1,1,1,0.746117833220055,1.04078645946105,1,1,1,1,1,0.823971260613978,1.0292894760264,1,0.413720061603057
"9123","IFRD1",-3.48372575845168,0.00511476871224843,-0.72426347215543,6,"IFRD1",1,1,1,0.000013472482753677,0.0019817410901316,0.0241872263325118,1,0.00000096921553084971,1,1,0.0448924338204846,0.000000111302499334829,1,1,1,1,0.863052575118597,0.916208938635211,1.02260701144315,1,1.02729327002223,1,1,0.847531765736819,1.06238438774747,1,0.413720061603057
"8447","HCG18",-3.48271941277169,0.00512384300690047,-0.724163978255075,7,"HCG18",1,1,1,0.00000016099971122322,0.0260423867808457,0.0125428212963286,1,1,1,0.0218897205315865,0.000217799025188678,0.00000799275984662279,0.0232713022283671,1,1,1,0.784624020518694,0.888589395406676,0.976329026518664,1,1,1,0.965385075166858,0.698152229191388,0.96763758417722,0.912172867572635,0.413720061603057
"3403","CDKN2AIP",-3.48217633233525,0.00512874686332805,-0.724110266986417,4,"CDKN2AIP",1,1,1,0.0000000108112299726002,1,1,1,0.00000080349413857279,1,1,0.0286311141894736,0.0110540314103617,1,1,1,1,0.831085164780737,1,1,1,1.02156169970271,1,1,0.891514041514042,1.03074729557702,1,0.413720061603057
"14757","NACC1",3.56584328572138,0.00513110671862467,0.748175708504076,4,"NACC1",1,1,NA,0.0000000000000000000461652121609585,0.0268657752034764,1,1,0.0365347691736371,1,1,0.0184426470525831,1,1,1,1,NA,1.159442133965,1.04777547683828,1,1,1.00486962384696,1,1,1.18291107799305,1,1,0.413720061603057
"886","ANKRD28",-3.46775625618242,0.00526073194843456,-0.722679274234443,7,"ANKRD28",1,1,1,0.0000000809200006156562,0.00478997907327651,0.00049558066970765,0.00262571549550159,0.00000000000492388551662755,1,1,0.010783762565006,0.00606024894116866,1,1,1,1,0.795810053649286,0.837297720087083,0.970233029092289,1.25616271785719,1.01647399956649,1,1,0.806317220917295,1.06571533045532,1,0.413720061603057
"8726","HNRNPA2B1",-3.46346274645863,0.00530069901486188,-0.722251398595922,8,"HNRNPA2B1",0.00000534427024199154,1,1,0.00000000000233489065549214,0.000213200486625647,1,0.0238865699321738,0.00000000000585384366077405,1,0.0200491835849333,0.0159434315646599,0.00767151968004134,1,0.977825045342762,1,1,0.787152050799083,0.858806775869371,1,1.13713834527169,1.04487659112873,1,0.98331464726956,0.867603111428443,1.0220666358151,1,0.413720061603057
"24136","VAMP4",-3.46179799462497,0.00531627934965888,-0.722085272005956,6,"VAMP4",1,1,1,0.00000000919800270286208,0.0001064032996224,0.0296196096775679,1,0.00330306246049913,1,1,0.0165181275767013,0.0000000544155835426479,1,1,1,1,0.874092319362967,0.902289941642832,0.993031435148214,1,1.01308553258742,1,1,0.867015356989988,1.13243559294391,1,0.413720061603057
"24896","ZNF107",-3.45851732852498,0.00534712051272983,-0.721757526346174,5,"ZNF107",1,1,1,0.0000147020668074354,0.0298414429381817,0.0350303217649117,1,1,1,1,0.0135313308497369,0.00120773121964714,1,1,1,1,0.770086401918452,1.05478706860743,0.960743509507439,1,1,1,1,0.763846242641117,1.08641379146495,1,0.413720061603057
"19958","SGTB",-3.53434494780966,0.00540748987298055,-0.745244559327406,4,"SGTB",1,1,NA,0.00000000337956791131386,1,1,1,0.00380013445087765,1,1,0.0469250809289571,0.00200573450579429,1,1,1,NA,0.768673523513884,1,1,1,1.01046382411363,1,1,0.859234999911005,1.03316632642343,1,0.413720061603057
"10795","LINC00598",3.76088838256534,0.00553729222552401,0.799207679524218,4,"LINC00598",NA,1,NA,0.00000000000584970810916979,1,NA,1,0.0437695931417282,1,1,0.0214492863267993,0.0147713075164591,1,NA,1,NA,1.11329595414208,1,NA,1,0.996535335581153,1,1,1.07826086956522,0.974831170925237,1,0.413720061603057
"17805","PRPS1",-3.43407722638878,0.00558272709799084,-0.719300553514839,7,"PRPS1",0.000984958335664143,1,1,0.00000000732109428593069,0.000651321906930344,0.00678332436774882,1,0.0498653624960435,1,1,0.0492284351739577,1,0.0102025731183917,0.991072813489324,1,1,0.934253932224307,0.922639771335896,0.986778089387472,1,0.99469414355492,1,1,0.87950123436127,1,0.97387280091367,0.413720061603057
"5087","DENND2D",-3.43270295446037,0.00559628697266259,-0.71916158984878,7,"DENND2D",1,1,1,0.00000000000037386709601583,1,0.0149786905458103,1,0.0300902970175037,1,0.00835661415042308,0.0305760516727244,0.000396647412472234,0.0194513046310456,1,1,1,0.82395819059228,1,0.977409694174232,1,0.98798732466747,1,0.989936036749941,0.784345908868202,0.978869443101494,0.969631609723993,0.413720061603057
"14527","MTRF1",-3.42895484478648,0.00563344110142344,-0.718782149342806,4,"MTRF1",1,1,1,0.000110769187264399,1,0.0448620279435083,1,1,1,1,0.0210420813716368,0.0135165822018439,1,1,1,1,0.910937244784461,1,0.984523348610076,1,1,1,1,0.859199461823074,1.03801948651873,1,0.413720061603057
"5136","DGKE",-3.42514798068377,0.00567143627193657,-0.718396102213513,5,"DGKE",1,1,1,0.00000000000099940296512765,0.0279721910465866,0.00773587155475513,1,1,1,1,0.00274557710629239,1,0.00753289643966186,1,1,1,0.850497378911341,0.945222847875051,0.972923801155157,1,1,1,1,0.858522727272727,1,1.03426142277793,0.413720061603057
"13378","MGAT3",3.50375616943903,0.00569068587745777,0.742356089494229,5,"MGAT3",1,1,1,0.000000000000000211939210541315,1,NA,1,0.0336465907198986,1,0.00824640226601814,0.00784110801105972,0.0000733116389215522,1,1,1,1,1.16544529551722,1,NA,1,1.01004654221273,1,0.969993227341067,1.21359223300971,0.969607549303878,1,0.413720061603057
"23852","UBQLN2",-3.42143166789593,0.00570878080831248,-0.718018596379183,4,"UBQLN2",1,1,1,0.0000000000116166091267213,1,1,1,0.0000000282530705940833,1,1,0.0253254398785605,0.00762319275214126,1,1,1,1,0.852636571322074,1,1,1,1.02655874544524,1,1,0.870367651685158,1.04007543297389,1,0.413720061603057
"14115","MMADHC",-3.42124792467726,0.00571063372816506,-0.717999915147507,5,"MMADHC",0.000000307761419756135,1,1,0.00000032852242672261,1,1,1,0.0000000583945121389038,1,1,0.00595094298857207,0.00000000003560887915703,1,0.98049253142765,1,1,0.916805382705485,1,1,1,1.02288842531555,1,1,0.908374588313275,1.02944848438228,1,0.413720061603057
"7835","GOLGA6L5P",-3.73757888892437,0.00572519269469166,-0.797407510084182,5,"GOLGA6L5P",NA,1,1,0.000000111287577930919,0.00626796625798255,NA,NA,0.0000180196833884658,1,0.0353610521682672,0.02775652480569,1,1,NA,1,1,0.695586602089788,0.928896200632008,NA,NA,1.00872966228272,1,0.967454482078343,0.720759314350475,1,1,0.413720061603057
"21778","SUCLG2",-3.41939639630821,0.0057293394739962,-0.71781158304467,4,"SUCLG2",0.0148643809164961,1,1,0.00000000000000593994309216302,1,1,1,0.00640544808252289,1,1,0.0204684859365607,1,1,0.990667262134014,1,1,0.777378528732664,1,1,1,1.01908743675555,1,1,0.850307260903287,1,1,0.413720061603057
"2822","CBLL1",-3.41473287316344,0.00577673289333623,-0.717336523847729,5,"CBLL1",1,1,1,0.00000000000270631635236053,1,1,0.0145355109640762,0.00000310784040364442,1,1,0.000506574590442526,0.0203259096494009,1,1,1,1,0.750115582826137,1,1,1.11003958740437,1.0262153666109,1,1,0.77444192569255,0.974141777705817,1,0.413720061603057
"7002","FLCN",3.41325266347212,0.00579185939201153,0.717185529785236,5,"FLCN",1,1,1,0.000000000000000191057832911685,1,1,1,0.0000838530887038842,1,0.0120806066375626,0.00191726911293265,0.0208028089569034,1,1,1,1,1.21109833939721,1,1,1,1.00969720589356,1,1.02225769380738,1.31703139866794,0.957906293874149,1,0.413720061603057
"22364","TFB2M",-3.41132158904187,0.0058116543139208,-0.716988391704019,6,"TFB2M",0.000026765993405331,1,1,0.000000000217427875395876,1,1,1,0.000000217452496635363,1,1,0.0160729676548156,0.00110206292247324,0.0157650998132534,0.98479914525665,1,1,0.815358974674114,1,1,1,1.02062664729212,1,1,0.835741212429954,1.03867251220451,1.03880869286893,0.413720061603057
"1240","ARID4A",-3.40350739156289,0.00589246510800883,-0.71618890211772,6,"ARID4A",0.0035239515685731,1,1,0.000000144637071255595,0.00271659674912979,1,1,0.000000000000588431635507106,1,1,0.0194394412792517,0.0000000000149504667249797,1,0.994445613350751,1,1,0.793025643002079,0.874566714471139,1,1,1.04608693721524,1,1,0.867148014440433,1.08973687404047,1,0.413720061603057
"5120","DFFB",-3.40125336681756,0.00591598818451354,-0.715957761993735,4,"DFFB",1,1,1,0.000000000116661098484205,1,1,1,0.0000172327894881456,1,0.036830539588173,0.0454144924656723,1,1,1,1,1,0.819647061084786,1,1,1,1.00734778196312,1,0.974954352791635,0.860043141733283,1,1,0.413720061603057
"25446","ZNF84",-3.57259318159288,0.00599985130759722,-0.765808130671635,4,"ZNF84",NA,1,1,0.000000000137625501138319,1,0.0319550689482421,NA,1,1,1,0.0125874791606626,0.00632019008682256,1,NA,1,1,0.876332617796204,1,0.974312007756777,NA,1,1,1,0.814587255970667,1.04342767690825,1,0.413720061603057
"23951","UMPS",3.39159807331177,0.00601784336528305,0.714964984976086,5,"UMPS",1,1,1,0.000000000235081705132995,0.00027453036776803,1,1,0.00211676784240169,1,1,0.000286734679025487,0.00334132597928308,1,1,1,1,1.16692871224307,1.07816432285469,1,1,0.995144884873971,1,1,1.18780374555022,1.02397304220877,1,0.413720061603057
"3080","CCNG1",-3.38561920840344,0.00608181287571114,-0.71434804945828,5,"CCNG1",0.0157820825049972,1,1,0.000000475984177761145,0.00876291197371998,1,1,0.000000858773370075267,1,1,0.0137508265882805,1,1,0.988533341452207,1,1,0.869678997333163,0.974685801136035,1,1,1.02272186530359,1,1,0.868035410348581,1,1,0.413720061603057
"19191","RPS11",3.38402755353814,0.00609895933776494,0.71418353156606,7,"RPS11",0.0123917683807478,1,1,0.000000000000000000000423095638407935,0.0000151351047986799,1,0.04202273763693,0.00000000000000102857317299202,1,1,0.000556666406730019,0.00466783182446474,1,0.980107741366573,1,1,1.28603498381506,1.01574588287733,1,1.06671331074611,1.05825454519479,1,1,1.17764608921609,1.00493114513137,1,0.413720061603057
"20708","SMIM4",3.68865585438877,0.00614207936296346,0.793558820050352,5,"SMIM4",NA,1,NA,0.000000000000021287417789383,0.0297315529191576,NA,1,0.0000000124683832721531,1,1,0.00835442634006756,0.0131361450389016,1,NA,1,NA,1.20021110696868,1.04350619436693,NA,1,1.01010230231354,1,1,1.20503899220156,1.02062057157899,1,0.413720061603057
"23317","TRIM39",-3.45555848329391,0.00616846935127048,-0.737719363030076,5,"TRIM39",0.0333624519712429,1,NA,0.0000000000000479498504652247,1,0.00277601953813572,1,0.0000000148535179524599,1,1,0.0265443102768357,1,1,1.00370172100931,1,NA,0.931094387275682,1,0.986258309317048,1,0.979101365599768,1,1,0.906829010058232,1,1,0.413720061603057
"23525","TSPYL4",-3.37592411132689,0.00618702502742127,-0.713344098699842,4,"TSPYL4",1,1,1,0.00000000000000715651050773943,0.0000295134250685376,1,1,1,1,0.0440902827266423,0.0054037002046934,1,1,1,1,1,0.831933716546702,0.857393625294763,1,1,1,1,0.976574725678116,0.790237599598019,1,1,0.413720061603057
"13133","MBTPS2",-3.3676840890194,0.00627790851456746,-0.712487357522552,5,"MBTPS2",1,1,1,0.000000193160313219109,1,1,1,1,1,0.020894588789676,0.0488233929931808,0.0000976608545511245,0.00820669909226106,1,1,1,0.805163123121625,1,1,1,1,1,0.923541635987404,0.908673703533731,1.0528994289592,0.942988953718054,0.413720061603057
"25501","ZRANB2",-3.44117348258524,0.00631896924689564,-0.736314915291162,6,"ZRANB2",0.0124307263066339,1,NA,0.000000011499641838611,1,1,1,0.000000000849092607146959,1,1,0.00121536047402898,0.000109532413146934,0.0485659740503107,0.980932228388987,1,NA,0.770565998111077,1,1,1,1.03705298531648,1,1,0.776851508806401,1.04887599400415,0.978536298854406,0.413720061603057
"22477","THYN1",-3.36146809294903,0.00634736994605597,-0.711838944975367,6,"THYN1",0.000000000401292711021418,1,1,0.00266202692677411,1,0.00258012536387589,1,0.0000000000389738509585553,1,1,1,0.000769550073470079,0.0332995063115596,0.980340488242335,1,1,0.966076489257383,1,0.989080692172555,1,0.96111072430243,1,1,1,1.02338229203895,0.986220356233783,0.413720061603057
"17814","PRR14",-3.36075227137687,0.00635541924971062,-0.711764157991756,5,"PRR14",0.00000136992253561403,1,0.0279890034876647,0.00000000000842856911535798,1,1,1,1,1,1,0.010166307867916,0.000000652818048918183,1,1.01385087164996,1,1.06461166692906,0.801482619313131,1,1,1,1,1,1,0.864769391765997,0.983619233159661,1,0.413720061603057
"1123","ARAP2",3.3584061662238,0.00638187402182141,0.711518873885228,7,"ARAP2",0.00122382054916622,1,1,0.0000000000000000171744700691488,1,1,0.00416049464484443,0.00000256710778322513,1,1,0.0194543402659122,0.000401951544591006,0.00782074609739503,0.992739214357921,1,1,1.24914497430016,1,1,0.834096242658088,1.01825995658084,1,1,1.23510002740477,1.04248230713054,0.9569443854437,0.413720061603057
"11819","LOC100507507",4.09616611962105,0.00638482689172156,0.85825089966605,6,"LOC100507507",NA,0.0275952857207301,NA,0.0000000000000000385682845354354,0.00816633349725422,0.00569143005905265,NA,NA,NA,1,0.000195202510248489,0.0000572120014496442,1,NA,1.01642196676937,NA,1.24770385088399,1.17358792734372,1.01679194726065,NA,NA,NA,1,1.31026221216558,1.02284630993939,1,0.413720061603057
"13296","METAP2",-3.35726162553269,0.00639482070963173,-0.711399118254933,7,"METAP2",0.0000000000135979791989037,1,1,0.00000233638791962919,0.00861253662253431,1,1,0.0000108651733618337,1,1,0.0010785158421734,0.0000552969740749612,0.0192674081822252,0.957003604941992,1,1,0.890924593887255,0.928923642678869,1,1,0.9843346489862,1,1,0.694892270604189,1.03778164941497,0.954965643596094,0.413720061603057
"4850","DARS1",-3.35586430377391,0.00641066315998426,-0.711252829568,5,"DARS1",0.00118172930333213,1,1,0.00000000244450967808636,0.000427113343414523,1,1,1,1,1,0.0031570054445031,0.0289943700068919,1,0.988767002731176,1,1,0.716690328108213,1.05410598495328,1,1,1,1,1,0.692172246511349,1.02538380456901,1,0.413720061603057
"18320","RABGGTB",-3.3478826905628,0.00650192819098463,-0.710415442478185,8,"RABGGTB",0.0000231566007265533,1,1,0.00000000000000222369887833161,0.00000626027187064033,1,0.0063073917752686,0.0000000612162421416026,1,0.0394861307013761,0.0322231158743108,0.0000141106990362371,1,0.988191455569119,1,1,0.809217188309602,1.06119196811143,1,1.19600275820789,1.02714087572555,1,0.978278503446413,0.857087338824253,1.08016852492979,1,0.413720061603057
"19172","RPLP2",3.34444477448464,0.00654164658585761,0.710053822760571,7,"RPLP2",1,0.0224032628127449,1,0.000000000000000824170290311009,0.0260625905878058,0.00396304629919194,1,0.0000000000929044732065658,1,0.034280679985606,0.000153849836462504,1,1,1,0.997628279676891,1,1.1857556637809,1.02106013550219,0.996712412257426,1,1.06244026327257,1,0.997798655192011,1.35887020487482,1,1,0.413720061603057
"5488","DPM1",-3.34396734314407,0.00654718193068621,-0.710003559319267,6,"DPM1",0.00000000000792953174582406,1,1,0.0000124162105743009,0.000250255563192119,1,1,0.00000968339249987108,1,1,0.0181235022585156,0.00000000273479285383278,1,0.946169471524182,1,1,0.89123932038289,1.04068539117751,1,1,1.01767043969421,1,1,0.886464794690285,1.07919431702051,1,0.413720061603057
"15051","NEU3",3.33919762295733,0.00660274537890518,0.709500812212706,4,"NEU3",1,1,1,0.00000000000197385157129128,1,1,1,0.000203315132430773,1,1,0.00698480633940777,0.00185286913233577,1,1,1,1,1.12343905125965,1,1,1,1.00600068483762,1,1,1.19077853363568,0.984545675503484,1,0.413720061603057
"19735","SELENOF",-3.33639809878926,0.0066355815878504,-0.709205225988587,5,"SELENOF",0.000343397612829379,1,1,0.00000000000041379770929144,0.041287086383657,1,1,1,1,1,0.0064373843384099,0.0000446543536502382,1,0.979240869930388,1,1,0.886429860134341,1.03568258467414,1,1,1,1,1,0.86022295534938,1.0217185442026,1,0.413720061603057
"22986","TNFRSF10D",3.33584706110834,0.00664206443573034,0.709147000882835,4,"TNFRSF10D",1,1,1,0.00000297819022418529,0.0216148315330466,1,1,0.0109033721201473,1,1,0.0276571884362431,1,1,1,1,1,1.10247679439432,1.06950054150795,1,1,1.01289855459224,1,1,1.18801152737752,1,1,0.413720061603057
"5318","DMTF1",-3.33324699871245,0.00667274098648661,-0.708872070812897,4,"DMTF1",1,1,1,0.000000000106139940750167,1,1,1,0.000000302913553148694,1,1,0.00861299534999615,0.0112254604263496,1,1,1,1,0.828106794740677,1,1,1,1.01886228397144,1,1,0.810889813504551,1.01736045961426,1,0.413720061603057
"15584","NUP160",-3.32711700817206,0.00674563868390968,-0.708222605819852,5,"NUP160",1,1,1,0.0000000000000103521812351134,0.0246947079462148,1,1,0.00246406561003534,1,0.0096924097139853,0.0440921439788679,1,1,1,1,1,0.688920066551224,1.03899827193886,1,1,0.988108300042775,1,0.979023420841785,0.83210355987055,1,1,0.413720061603057
"17363","POLR2C",-3.32609775795999,0.00675783815773874,-0.708114442818535,6,"POLR2C",0.000944288353390601,1,1,0.0000000000521046817089504,0.0227013465593251,1,1,0.000000000227512327468019,1,1,0.030221559187554,0.00138688977303267,1,0.988274632296372,1,1,0.94571468757708,0.955557491696082,1,1,0.982721535649536,1,1,0.85882908809759,1.01031539221129,1,0.413720061603057
"5443","DOCK10",-3.32494099095874,0.00677171085817909,-0.707991626093095,5,"DOCK10",1,1,1,0.0000000000000107420963752562,1,1,1,0.00281507034023657,1,0.00184265058265366,0.0132114759577976,0.0288145731883563,1,1,1,1,0.760266392338066,1,1,1,0.98387826656239,1,0.989884278705947,0.697295992274264,0.980008258796417,1,0.413720061603057
"23800","UBE2J2",3.39076384978956,0.00687699959994878,0.731317208688724,6,"UBE2J2",0.00716882244606456,1,NA,0.000000000000000000580497429954797,0.0175808897593097,1,1,0.0000136113654300513,1,1,0.000179686624633288,0.0153225912818392,1,1.00460503074636,1,NA,1.31905985403654,1.01931033763327,1,1,0.988248239731164,1,1,1.32524964336662,0.989445939102334,1,0.413720061603057
"18317","RABGEF1",3.31261888189515,0.00692130136506087,0.706679362841304,4,"RABGEF1",1,1,1,0.0000000000000342269412163965,1,1,1,0.000000156095709436466,1,1,0.00970853622855879,0.0021000038456351,1,1,1,1,1.15030096716085,1,1,1,1.02096046724638,1,1,1.20502880330423,1.01885849397817,1,0.413720061603057
"6236","ETFRF1",-3.38364045699592,0.00695986340893289,-0.730601322767943,7,"ETFRF1",0.000791947924755832,1,NA,0.000000722840880705944,0.00390085729440622,1,0.0351009171149282,0.00239692559811685,1,1,0.00000612045314413627,0.00000000000909135836119967,1,0.987190731368363,1,NA,0.900475405326712,0.963698948511308,1,1.12041873052859,0.988240909337983,1,1,0.724700910273082,1.06749638149111,1,0.413720061603057
"885","ANKRD28",-3.3086048551714,0.00697075618159225,-0.706250300870919,7,"ANKRD28",1,1,1,0.0000000809200006156562,0.00478997907327651,0.00049558066970765,0.00120926802694772,0.00000000000492388551662755,1,1,0.010783762565006,0.00606024894116866,1,1,1,1,0.795810053649286,0.837297720087083,0.970233029092289,1.29282794707801,1.01647399956649,1,1,0.806317220917295,1.06571533045532,1,0.413720061603057
"19676","SDHAP1",-3.30748558364266,0.00698461031745353,-0.706130522253038,7,"SDHAP1",1,1,1,0.000000125845507091363,0.0366340195539282,0.00690140745569756,1,0.0366531112535019,1,0.0305285858946019,0.0127723065244592,0.00000000144280260486086,1,1,1,1,0.858487561393475,0.986639337922515,0.993075195397645,1,1.00326952361429,1,0.99362385429992,0.896830326450298,0.978511356460131,1,0.413720061603057
"7581","GGA1",-3.30219182926612,0.00705051687079643,-0.705563189917384,6,"GGA1",0.0499477205231477,1,1,0.000000000013792522150601,0.00689413705694435,1,1,0.00000000710651795971222,1,1,0.0106438895160221,0.00000141026247478388,1,0.997545250323528,1,1,0.763189929007982,0.949173976503184,1,1,1.02735873101624,1,1,0.840578808153104,0.980697088183537,1,0.413720061603057
"16639","PDE12",3.28852069394878,0.00722366936574447,0.704091753813149,5,"PDE12",1,1,1,0.0000000000000940086591535631,0.0149352652000893,1,1,1,1,0.00291655895111203,0.000831635087784161,1,0.0466457014215546,1,1,1,1.16950914904834,1.04226279135803,1,1,1,1,0.960115987379549,1.133435138113,1,0.95152153618815,0.413720061603057
"16944","PIGG",-3.28739164379805,0.00723816176449492,-0.703969825985063,6,"PIGG",0.000328349990022202,0.0274650247069863,1,0.00000000000000000082755195248248,1,1,1,0.000000100541792372212,1,1,0.0235322580408867,0.00601415200304874,1,1.00711956401819,0.981371572219071,1,0.834340086834523,1,1,1,0.980675978228699,1,1,0.865842120262183,0.973710837993828,1,0.413720061603057
"14066","MITD1",-3.35964647825122,0.00724663461396118,-0.72817214384075,6,"MITD1",0.00000000000464432269032009,1,NA,0.00000000000000839899897999975,0.00155353298415558,1,1,0.0431647441760058,1,1,0.022476516639514,0.000240172569314915,1,0.972232948713632,1,NA,0.770275793286948,1.0555418347537,1,1,0.982669435038153,1,1,0.900514258999532,1.03205920592604,1,0.413720061603057
"22890","TMEM71",-3.35605088924719,0.00729064671688664,-0.727805738985587,5,"TMEM71",1,1,NA,0.00000481982600671646,1,1,1,0.0000000529086478279023,1,1,0.00583425519169978,0.00000172551309863643,0.0485867363896455,1,1,NA,0.902627393929498,1,1,1,0.949416699859194,1,1,0.80952418662971,1.03744870966804,1.0196896656661,0.413720061603057
"9653","JMY",-3.35305258160779,0.00732755841192669,-0.727499722140014,6,"JMY",1,1,NA,0.000000000382783203837386,0.0135859631200318,0.0471912158124771,1,0.00000000000835671163772459,1,1,0.0115383035281028,0.00771626638654174,1,1,1,NA,0.784939085029285,0.914419385290295,0.986342710695667,1,1.03166914550961,1,1,0.779111003157639,1.02693107050176,1,0.413720061603057
"84","ABCD4",-3.27680480192441,0.00737550339817018,-0.702823503038426,5,"ABCD4",1,1,1,0.000137104225937122,0.000534932748661044,1,1,0.00000139476735946817,1,1,0.0436924536673089,1,0.0196964360470571,1,1,1,0.937792632501478,0.915381161215192,1,1,0.989121507532166,1,1,0.896661367249603,1,0.974326564801981,0.413720061603057
"8432","HBP1",-3.27364231325464,0.00741704273645822,-0.702480008865124,7,"HBP1",0.0318008650471099,1,0.0286518089422335,0.000908148888266896,0.0303461505691837,1,1,1,1,1,0.00531280026739371,0.000000209943665201606,0.0403001265400088,0.993307981997067,1,1.16454798848965,0.866668847665693,0.904184662559756,1,1,1,1,1,0.848598018069654,1.02895697329202,0.928888470258515,0.413720061603057
"9052","IDI2",3.43736203764362,0.00742138182917627,0.753411583508919,4,"IDI2",NA,1,1,0.000000000459073763143314,1,NA,1,0.0256251013274083,1,1,0.0342208011796125,0.0315436633642397,1,NA,1,1,1.08250474792569,1,NA,1,1.00375636848962,1,1,1.13493052228079,0.978007860043155,1,0.413720061603057
"19079","RPGR",-3.26616291367858,0.00751623554048981,-0.701665675309745,7,"RPGR",0.000300266338349991,1,1,0.000166919511240151,1,0.0162911960785815,0.0148324405331494,0.00000871731673525087,1,1,0.0406805226979626,0.000373554100727349,1,0.99404812122937,1,1,0.877701688787903,1,1.02556418497999,1.22412847356643,1.01365076258213,1,1,0.871769868356899,1.06922018591846,1,0.413720061603057
"847","ANKRA2",-3.26497252001469,0.00753214686132093,-0.701535814724504,6,"ANKRA2",0.000000142033576330542,1,1,0.0000000016610362476525,1,1,0.0389413725640214,0.00000000000137078484351433,1,1,0.0246021589820082,0.000321162153866217,1,1.02210383609077,1,1,0.76920858275347,1,1,1.12852689627884,1.06025702920992,1,1,0.867476769120801,1.04577170524865,1,0.413720061603057
"21512","SRSF2",-3.26497081462957,0.00753216968082756,-0.701535628633117,6,"SRSF2",1,1,1,0.000000000000000025518065377893,0.043091830911927,1,1,0.000172950344355655,1,0.00390927477219162,0.000131727336418016,0.0164683034648185,1,1,1,1,0.80178364346767,1.02184865153818,1,1,0.994093389646569,1,0.98912134327923,0.810816375692569,0.984891257212517,1,0.413720061603057
"14471","MTAP",3.33088270547319,0.00760653483861077,0.725223458400677,4,"MTAP",1,1,1,0.000000001240315957665,0.0144047854319112,NA,1,1,1,0.0141847485295047,0.00115350277714646,1,1,1,1,1,1.16847322386007,1.08639764241315,NA,1,1,1,0.976560505351162,1.23460576762794,1,1,0.413720061603057
"6829","FCHSD2",-3.25783693153117,0.00762824581245584,-0.700755923018082,7,"FCHSD2",0.00575314571664312,1,0.0345865612678595,0.0000000000150998086416086,0.00662144056585077,1,1,0.0000370231728451801,1,1,0.000302240505895397,0.0226561874373565,1,0.993406172312493,1,1.10585800560278,0.888030549062756,0.928753431222865,1,1,0.976631110643589,1,1,0.731226479256404,1.02056463817506,1,0.413720061603057
"17193","PLGLB2",-3.93299002874885,0.00768627972128243,-0.848834258683728,5,"PLGLB2",NA,1,0.0362014571690543,0.00000207993361175322,0.000000149773075929581,NA,NA,NA,NA,1,0.0056304624213847,0.0166319672667483,1,NA,1,1.15429713116334,0.808346301281453,0.901836713752047,NA,NA,NA,NA,1,0.662585186012736,1.04230142454819,1,0.413720061603057
"6745","FBXL5",-3.25060520138054,0.00772691333258388,-0.699962951679614,4,"FBXL5",1,1,1,0.0000227910214858231,1,0.0145090210188558,1,0.000000316714796325081,1,1,1,0.0000000000941639413343614,1,1,1,1,0.942381427127694,1,1.01379293675397,1,0.97557360239096,1,1,1,1.02795990068226,1,0.413720061603057
"2121","BTN3A3",-3.24377105590572,0.00782134992987288,-0.699211189302841,6,"BTN3A3",1,0.0264108311092628,1,0.000000000000880514273928198,1,0.00680365238449158,1,1,1,1,0.0108122529720041,0.0373191721394033,0.00606141066868724,1,0.990831035979208,1,0.86270513418613,1,0.979481125793185,1,1,1,1,0.822999584231016,0.985728324514703,0.961609420665666,0.413720061603057
"2941","CCDC186",-3.24125165637219,0.00785645940099864,-0.698933466433725,9,"CCDC186",0.0317622098691731,1,1,0.0000000000595193132969144,0.0381516132052307,0.0414193040177267,1,0.000000000272015689205991,0.0491180142388212,1,0.00300737470870309,0.000124747998319212,0.0272106130742042,1.00411426612921,1,1,0.678462112972962,0.966255798141069,0.984755568123019,1,1.02407007988358,1.07147952799126,1,0.409180327868853,1.04088860443857,0.966609940237153,0.413720061603057
"13316","METTL25",-3.30940486027383,0.00788724335831692,-0.722995333090953,4,"METTL25",0.000230856053868301,1,NA,0.0000000729407701130478,1,1,1,0.000818412924976206,1,1,1,0.0000412333561116703,1,0.989310357794957,1,NA,0.924284510431687,1,1,1,0.981478932859855,1,1,1,1.03745307232598,1,0.413720061603057
"449","ADK",-3.23647945116924,0.00792340329085418,-0.698406540378373,5,"ADK",0.000729042057667461,0.0206773049299865,1,0.0000000149463544331146,0.00138592714182898,1,1,1,1,1,0.000301558915729523,1,1,0.988576545889986,0.984218215593998,1,0.765980188493783,0.873275585671866,1,1,1,1,1,0.593226047904192,1,1,0.413720061603057
"16951","PIGP",-3.2362836766456,0.00792616194778613,-0.698384899523452,5,"PIGP",0.00000101310532993773,0.0450832171795339,1,0.000000676923398151449,1,1,1,0.0000000124537180560871,1,1,1,0.00781257919426412,1,0.982940599863103,0.984060595446188,1,0.91701013192082,1,1,1,0.963424498693559,1,1,1,1.02084061503536,1,0.413720061603057
"15502","NT5DC1",-3.30481676949507,0.00794857806795726,-0.722516415298006,5,"NT5DC1",1,1,NA,0.00000000196673933722624,0.00147035024767756,1,1,0.000000000278812588225497,1,1,0.000237260357780724,0.000230270219917745,1,1,1,NA,0.858677226334804,0.920692489366246,1,1,1.01573005138663,1,1,0.788230092842757,1.0485423607965,1,0.413720061603057
"25295","ZNF654",-3.22775870853819,0.00804723940238019,-0.697440692025881,7,"ZNF654",0.0212716898868368,1,1,0.000000112092877533718,0.023636177144478,1,0.0498143486713234,0.0000000000000601466308860668,1,1,0.000721778242030943,0.0000000446802379425707,1,1.00539935053075,1,1,0.825149119018717,0.921729877120063,1,1.15832155806543,1.03888028835408,1,1,0.586589203582668,1.10151440744329,1,0.413720061603057
"15468","NSD1",-3.29683367146188,0.00805647059758976,-0.721680630966429,6,"NSD1",0.00329737175438462,1,1,0.000708427245118402,1,NA,1,0.00349842265620522,1,1,0.0230855424437188,0.0305757307979529,0.0404817758154223,1.0070142196535,1,1,0.903491363771598,1,NA,1,0.992024004902058,1,1,0.916233766233766,0.984845369424015,0.975433324323489,0.413720061603057
"5355","DNAJB14",-3.22608913339092,0.00807117122181809,-0.697255346871974,6,"DNAJB14",1,1,1,0.000000000658275620224863,0.000675059880958521,1,0.0327958100925295,0.00000000000000000000493628888577749,1,1,0.00461794977213578,0.000000745674685561565,1,1,1,1,0.72712843926667,1.08806467943227,1,1.19285118622817,1.05737344812089,1,1,0.747485827873077,1.06122704217013,1,0.413720061603057
"14237","MPRIP",-3.22557618459048,0.00807853839128011,-0.697198374600601,9,"MPRIP",0.0100470747193812,1,1,0.0000000000850643442661799,1,0.000400987465621806,1,0.000000628620436425249,0.0381447368159021,0.000441222681800528,0.00143339272891653,0.000143921851814266,0.0475128296062953,1.00881838620876,1,1,0.923500444389359,1,0.968354505206112,1,0.975140749053571,1.06147944065925,0.985893189955435,0.869214131218457,0.979343129721044,0.980031876397616,0.413720061603057
"2707","CAPRIN2",-3.22523197347894,0.00808348591756119,-0.697160136303007,4,"CAPRIN2",1,1,1,0.00000000000000155671028672565,0.0171714451361989,1,1,0.00741743991380807,1,1,0.00181846919572796,1,1,1,1,1,0.861713317744087,0.94526882680636,1,1,0.989404847941027,1,1,0.74414402080909,1,1,0.413720061603057
"25095","ZNF419",-3.22011257092403,0.00815743443561862,-0.696590720655993,4,"ZNF419",0.0275090620602478,1,1,0.0000000000019024814950959,1,1,1,0.0000105652953874709,1,1,0.00530824100719346,1,1,0.995529499387082,1,1,0.914124091559572,1,1,1,0.985073075863787,1,1,0.84463907331544,1,1,0.413720061603057
"17978","PSMD4",3.219414612206,0.0081675694110662,0.696512986689213,7,"PSMD4",0.00503697091928265,1,1,0.000000000000000072321779013892,0.000000984041392069403,1,0.00138278189927914,0.0000000000000274932766866974,1,1,0.00358025645175396,0.0000222922215550955,1,0.990295450400155,1,1,1.22058806868398,1.04473553563378,1,0.799957611896309,0.966234581570542,1,1,1.17051678470999,1.01343356628458,1,0.413720061603057
"7700","GLO1",-3.21827888081829,0.00818408859759034,-0.696386444096165,5,"GLO1",1,1,1,0.0000000000914569548118181,0.0254095353209883,1,1,0.0000000000514660662030402,1,1,0.000292290641302554,1,0.0323961115334587,1,1,1,0.911860944036752,0.964427633667158,1,1,0.97754764479481,1,1,0.801200300075019,1,0.983987728901553,0.413720061603057
"7893","GPBP1",-3.28484145079597,0.00822138615806737,-0.720419156556382,7,"GPBP1",0.0000000442773234668659,1,NA,0.00000101650422689095,1,0.0131943406311221,0.0337756749947031,0.000000000000029485592952364,1,1,0.010478265143713,0.00000266064416682499,1,0.969948069875983,1,NA,0.857633093276054,1,0.993707165603262,1.1353750471615,1.05428229921743,1,1,0.904884989818635,1.04717096958897,1,0.413720061603057
"526","AGFG1",3.21254772785981,0.00826796758536122,0.695746889994117,7,"AGFG1",1,1,0.046348511531812,0.000000000000259000501174106,0.0000000353613501224396,0.00518607246606275,1,0.00000000000274490812438611,1,1,0.000155851708378355,0.000204439055943115,1,1,1,1.15278399942517,1.29541792792074,1.24125990215159,1.01592113859308,1,1.07553672435377,1,1,1.31564489112228,1.02138430070694,1,0.413720061603057
"23054","TNRC6A",-3.27439887188391,0.00836781773834552,-0.719314834868471,9,"TNRC6A",0.0040188824835227,1,NA,0.000000000000000000631897351320994,0.00000497046107652965,0.0473199813997925,0.0168554506453484,0.0000946122547130167,1,0.00540041184105491,0.00182692138517696,0.0000000412911760352693,1,1.00815409503079,1,NA,0.718040971182672,0.911160717681027,0.990250540008225,1.25525017326841,1.00733359243969,1,0.969310555283466,0.650288428910757,0.970540940545663,1,0.413720061603057
"4190","COPS5",-3.20490479429069,0.00838118777337727,-0.694891413182841,6,"COPS5",0.000000000566139036435071,1,1,0.00120366490845256,0.00280254952041308,1,1,0.00648711616253177,1,1,0.0397461866754391,0.000000000047788027200374,1,0.96210325346307,1,1,0.954148720887822,1.0290458037142,1,1,0.987914563022566,1,1,0.899011113405145,1.05505419117707,1,0.413720061603057
"16566","PCGF3",-3.20453227482308,0.00838674625647247,-0.694849641337697,6,"PCGF3",1,1,0.0300178427654279,0.0000000000378028963774538,0.0123163487675596,1,1,0.00000000000000301291850553142,1,1,0.0236602752128968,0.00886059991477079,1,1,1,0.933685432162602,0.87371726610603,0.928516939424739,1,1,0.967862954496333,1,1,0.77040325564188,1.0271509203961,1,0.413720061603057
"22678","TMEM128",-3.26850649216542,0.00845162450560808,-0.718689288159482,5,"TMEM128",0.0240266509393208,1,NA,0.000000000210250289926895,1,1,1,0.000000000000860257304295652,1,1,0.0478131879600044,0.0000125087625666283,1,0.996891028754573,1,NA,0.793604842903811,1,1,1,1.03324259966428,1,1,0.884732462964216,1.04942764493245,1,0.413720061603057
"5195","DHX8",3.19883664801339,0.00847220038954143,0.694210095155188,4,"DHX8",1,1,1,0.00000607680271292189,0.0322712086088776,1,1,1,1,1,0.04117073615634,0.000954019565767309,1,1,1,1,1.06470224619673,1.07157956535345,1,1,1,1,1,1.11877167830551,0.981494815977619,1,0.413720061603057
"5357","DNAJB14",-3.19707560000357,0.00849880080211943,-0.694012018490718,6,"DNAJB14",1,1,1,0.000000000658275620224863,0.000675059880958521,1,0.0308811743464931,0.00000000000000000000493628888577749,1,1,0.00461794977213578,0.000000745674685561565,1,1,1,1,0.72712843926667,1.08806467943227,1,1.22544382453334,1.05737344812089,1,1,0.747485827873077,1.06122704217013,1,0.413720061603057
"22425","THAP11",3.19568735581511,0.00851982983448693,0.693855762363059,8,"THAP11",1,0.0190329216574016,1,0.00000474481418803845,1,0.00225286942198186,1,0.0470825299676951,1,0.00415236890935598,0.0058502595120837,0.0253654790601718,0.0336393108856577,1,0.988176950373596,1,1.10180505727465,1,0.989434487593013,1,0.990955172334992,1,0.985629267869569,1.10817338944199,0.990998708217891,0.974633514750928,0.413720061603057
"580","AIDA",-3.19194282933756,0.00857681554468739,-0.693433801789923,7,"AIDA",1,1,1,0.0000269521099299529,0.0263936345587174,0.0267438663508242,1,0.0000000000484642144875648,0.0239338888127252,1,0.0359915659008019,0.000619058707404658,1,1,1,1,0.890768303296816,1.01698709866769,0.993315916687702,1,1.04238778893771,1.05515974319483,1,0.884573927191377,1.03715819224377,1,0.413720061603057
"13109","MBIP",-3.1916421397757,0.00858140831305302,-0.693399886912076,6,"MBIP",0.00231259780308107,1,1,0.0000000212913152523906,0.0243366064042737,1,1,0.00000000003597144949033,1,1,0.0470284497233397,0.0000317524424229383,1,0.993852448845969,1,1,0.898263604724831,0.958753792169101,1,1,1.03986429094809,1,1,0.896619337390129,1.06012767244514,1,0.413720061603057
"16994","PIN4",-3.18959591629438,0.00861272896243958,-0.693168970234913,6,"PIN4",0.00339054520368813,1,1,0.00000000000929350758941857,1,1,1,0.000000514600219179917,1,0.0150778862433272,1,0.0107038770586422,0.0146727882958376,0.994347816922986,1,1,0.902092520114819,1,1,1,0.979690416219961,1,1.02411952418249,1,1.02128790245482,0.977929901859093,0.413720061603057
"8742","HNRNPH3",-3.18864289469497,0.00862735603974818,-0.693061348671873,8,"HNRNPH3",0.0432525157770204,1,1,0.000000000591257671504332,0.000132346951040711,1,0.0122561975667619,0.00000000000387342589770088,1,0.0240172940184646,0.000294545222292625,0.00016230880184795,1,0.989729625376709,1,1,0.81999661067471,0.950033760702532,1,1.30642982471525,1.01599380092384,1,0.991996796524307,0.756607177623467,1.03487215088433,1,0.413720061603057
"21518","SRSF7",-3.18749892061198,0.00864494718666452,-0.692932102252014,6,"SRSF7",1,1,1,0.0000000109241165299274,0.0000764271475669453,1,1,1,1,0.0121548808289099,0.0203374465184103,0.000043623963435802,0.0224835367404999,1,1,1,0.905922249352443,0.924034104237898,1,1,1,1,0.970963984941988,0.887661469933185,0.976860787029632,0.964386527667254,0.413720061603057
"8371","HABP4",3.25142328272654,0.00869950636684696,0.716865791995716,4,"HABP4",1,1,1,0.000000000120304665369221,1,NA,1,0.00829966586002454,1,1,0.000772420680099103,0.00799439170851328,1,1,1,1,1.14611671986042,1,NA,1,1.00789621517763,1,1,1.21321035406129,0.982885956582052,1,0.413720061603057
"846","ANKRA2",-3.18342914800869,0.00870782472269664,-0.692471756477279,6,"ANKRA2",0.000000142033576330542,1,1,0.0000000016610362476525,1,1,0.020113579678173,0.00000000000137078484351433,1,1,0.0246021589820082,0.000321162153866217,1,1.02210383609077,1,1,0.76920858275347,1,1,1.18077270507441,1.06025702920992,1,1,0.867476769120801,1.04577170524865,1,0.413720061603057
"23578","TTC39C",-3.24532879086657,0.0087897359184426,-0.716211670829963,9,"TTC39C",0.0038670363438943,0.0205232913249879,NA,0.000000000231282009888466,0.016154452077781,0.0209350030143058,1,0.000211609525701693,1,1,0.0190217398650293,0.0000094435584178822,0.0172355745983444,0.989946438136354,0.991144579643018,NA,0.92257932957082,0.907812236298274,0.985954000509616,1,0.969796346658884,1,1,0.781775215048681,1.07238436584304,0.966261814563421,0.413720061603057
"5003","DDX42",-3.17714237954652,0.00880586829842053,-0.691758972702661,4,"DDX42",0.00845724675275575,1,1,0.00000000087027926487761,1,1,1,1,1,1,0.016333688640786,0.0000403115026019249,1,0.995082829169475,1,1,0.908815131976056,1,1,1,1,1,1,0.893617751343932,0.984073135490544,1,0.413720061603057
"17759","PRMT9",-3.32282789190861,0.00890014017678781,-0.742243061709787,5,"PRMT9",0.029549563884861,1,NA,0.0000000000371118408719735,1,NA,1,0.014052261373745,1,1,0.0119961785690211,0.0265689487935108,1,0.996502236116495,1,NA,0.856631068419482,1,NA,1,1.01080966394441,1,1,0.865665385958784,1.02786858625489,1,0.413720061603057
"25041","ZNF326",-3.23776814448707,0.00890300902065871,-0.715397555848003,6,"ZNF326",1,1,NA,0.00000000960594706209039,0.0320830197837914,1,1,0.0000179291168968813,1,0.00237248286982768,0.016697817565787,0.00000534703597277015,1,1,1,NA,0.812180390089981,0.881205998659608,1,1,1.01693951623202,1,0.949604455569039,0.741193882585101,1.05895747614406,1,0.413720061603057
"5010","DDX51",3.16889611330929,0.00893617131339801,0.690820949167404,4,"DDX51",1,1,1,0.00000000000443996354410268,1,0.00528518694297081,1,0.000160394269571815,1,1,1,0.000155511334217218,1,1,1,1,1.13997251925467,1,0.982330816544995,1,1.05444375519052,1,1,1,0.96994742807863,1,0.413720061603057
"2454","C5orf15",-3.16566027749137,0.00898783509353947,-0.69045191281782,5,"C5orf15",1,1,1,0.00000900353038197114,1,0.0479572387248622,0.0149975632407147,0.0000809162922732638,1,1,1,0.000143763409887253,1,1,1,1,0.9087108499438,1,1.00921492816006,1.09643996499291,0.978425286657133,1,1,1,1.02965948170447,1,0.413720061603057
"24846","ZHX1",-3.22691303677918,0.00906826553615796,-0.714223584358107,4,"ZHX1",1,1,NA,0.00000870296717337544,1,1,1,0.0000000000360595310671452,1,1,0.00059490760451964,0.000000455059243280277,1,1,1,NA,0.841321864279017,1,1,1,1.02558872679521,1,1,0.783102213242722,1.08469189875986,1,0.413720061603057
"17134","PLCL1",-3.22315241054582,0.00912624814054257,-0.713815463979898,5,"PLCL1",1,1,1,0.000016142682680953,1,NA,0.0156558432191645,0.0464555711285442,1,1,0.0248898361184648,0.0212258252703733,1,1,1,1,0.848417511126823,1,NA,1.067555732622,1.00462307027225,1,1,0.705480259281084,1.05439114638384,1,0.413720061603057
"8738","HNRNPDL",-3.15542172035898,0.00915330968296697,-0.689280679026822,9,"HNRNPDL",0.000151440086367104,0.00652995490403259,1,0.0000000000000561790312401216,0.00138881868168451,0.00519981852569337,1,0.00000210387340504427,1,0.0362174202101518,0.00612672766261214,0.0420091196281138,1,0.982809229025319,0.980243392397502,1,0.813311809752459,0.956162274617218,0.98631981851811,1,1.03384416392035,1,0.990432996053615,0.805957793069289,0.988621173161607,1,0.413720061603057
"19310","RSL24D1",-3.15489223747188,0.00916195066944989,-0.689219961701384,5,"RSL24D1",0.000150260236511038,1,1,0.0477634323814216,1,1,1,0.00481386588363079,1,1,0.00018065351301216,0.00000000501310783254984,1,0.960746385759377,1,1,0.902632393689323,1,1,1,0.992215897919095,1,1,0.818431019602357,1.20917661322402,1,0.413720061603057
"14978","NDUFS4",-3.15437297029881,0.00917043297154581,-0.689160401735469,5,"NDUFS4",0.0000000000131030879433373,1,1,0.00000511271504139122,1,1,1,0.00112821388291582,1,1,1,0.00000176639736795011,0.0110503593175095,0.938252997123545,1,1,0.885867977347837,1,1,1,0.991007737462066,1,1,1,1.09227171770704,0.974500371108827,0.413720061603057
"19930","SFXN4",3.21941914164953,0.00918418521237775,0.713409591947752,6,"SFXN4",1,0.00443442827261166,NA,0.00000000000000649126232184626,0.000115855590899432,1,1,0.000000641692030425669,1,1,0.000893160623710116,0.00000108545637165403,1,1,0.9669631799343,NA,1.16669766068425,1.07621326952522,1,1,0.976208676483897,1,1,1.26053550640279,0.965642926466274,1,0.413720061603057
"3996","CMTM6",-3.15296426625912,0.00919348446918022,-0.688998752951101,6,"CMTM6",1,1,1,0.0000000343696948887848,1,0.0416904927295892,0.00772952053346266,1,1,1,0.00165712577765864,0.0000000672375937806901,0.00335893688279264,1,1,1,0.884469961994911,1,1.01137599609374,1.19925413998709,1,1,1,0.785451438779077,1.03384952201494,1.01923309707247,0.413720061603057
"25294","ZNF654",-3.1503193770192,0.00923692323870253,-0.688694973930991,7,"ZNF654",0.0212716898868368,1,1,0.000000112092877533718,0.023636177144478,1,0.0462698755153308,0.0000000000000601466308860668,1,1,0.000721778242030943,0.0000000446802379425707,1,1.00539935053075,1,1,0.825149119018717,0.921729877120063,1,1.29019094390327,1.03888028835408,1,1,0.586589203582668,1.10151440744329,1,0.413720061603057
"20045","SHPK",3.215465099053,0.0092459600395423,0.712978933583929,4,"SHPK",0.0101550351820994,1,1,0.0167433963711368,1,NA,1,0.00000000939599371375731,1,1,1,0.0373149960653074,1,1.00632536422312,1,1,1.02127828975235,1,NA,1,1.02037501058299,1,1,1,0.984454883344227,1,0.413720061603057
"17333","POLB",-3.14852160304522,0.00926656799076204,-0.688488283155425,4,"POLB",0.000018922896019662,1,1,0.0000116933840247856,1,1,1,0.0237485805409617,1,1,1,0.0000000000000101541900793178,1,0.982271053900858,1,1,0.923024691770398,1,1,1,0.992365746754265,1,1,1,1.05590914661468,1,0.413720061603057
"1529","ATP2A3",-3.14718971664879,0.0092885925694654,-0.68833504739476,9,"ATP2A3",0.00234498118424977,1,0.0247716119903268,0.000000000000000429079073772177,1,0.00157354095171765,0.0448450444246953,0.00837492918232815,1,1,0.0203528103043695,0.0000000169091053073,0.0177970471973934,1.0102806484939,1,1.09505912157063,0.787083224803576,1,0.982562176923499,1.15595908367424,0.985792089875461,1,1,0.643292870786863,0.97040291021662,1.06954099714887,0.413720061603057
"2453","C5orf15",-3.14575760351818,0.00931233373692171,-0.688170177504648,4,"C5orf15",1,1,1,0.00000900353038197114,1,0.0479572387248622,1,0.0000809162922732638,1,1,1,0.000143763409887253,1,1,1,1,0.9087108499438,1,1.00921492816006,1,0.978425286657133,1,1,1,1.02965948170447,1,0.413720061603057
"3329","CDH15",3.2087673017547,0.00935157517866637,0.712247591315867,4,"CDH15",1,1,1,0.000000000000000959558276356923,1,NA,1,0.0000291915795955028,1,1,0.00909266281923324,0.0108203545486502,1,1,1,1,1.24264840778336,1,NA,1,0.990016031272846,1,1,1.09353778751369,0.975843093626276,1,0.413720061603057
"6371","FAHD1",3.2071830237862,0.00937673750591782,0.712074261667005,6,"FAHD1",1,1,NA,0.0000000229785036417591,0.0102290398945149,1,1,0.0000883457633068324,1,0.0173549458601096,0.00868821137701736,0.010569309905042,1,1,1,NA,1.1575197610625,1.03708005131286,1,1,1.02426907011885,1,1.03018041876938,1.20672268907563,1.02804399085496,1,0.413720061603057
"5457","DOK1",3.20501666777353,0.0094112571054599,0.711837038228414,5,"DOK1",1,1,1,0.000000000000577531475162821,0.0161967215409732,1,1,NA,1,1,0.00435930832869707,0.000236214359383101,0.0177998220847916,1,1,1,1.07714074871767,1.07693096646017,1,1,NA,1,1,1.20075805432723,1.01770997509373,1.0507449221643,0.413720061603057
"23897","UFL1",-3.13958190764532,0.00941541912912955,-0.687457987058396,5,"UFL1",1,1,1,0.00000000049538272699859,1,1,1,0.000000599653969863825,1,0.0352382740140104,0.00365885934635481,0.0132792402340549,1,1,1,1,0.668441809472972,1,1,1,1.01238315795029,1,1.04084138679555,0.464338921795,1.03906383501897,1,0.413720061603057
"15577","NUMB",-3.13250433628336,0.00953498154214023,-0.686639344790121,6,"NUMB",1,1,1,0.00000000204892840117239,1,0.0426152382810779,0.00938418067763572,1,1,1,0.0311442810720332,0.0143121845276248,0.00287852241393508,1,1,1,0.855176362472224,1,1.01656392437125,1.12953058522568,1,1,1,0.764342658356284,1.02356957299895,1.07535208807975,0.413720061603057
"2084","BTAF1",-3.13037947530651,0.00957117645146357,-0.686393057175655,5,"BTAF1",0.00285809352203248,1,1,0.0000000163229812567171,0.0260252861665588,1,1,0.026358707117388,1,1,1,0.014319423691523,1,0.98355213952056,1,1,0.85316130457885,0.968241774391898,1,1,0.989949213424568,1,1,1,1.03019141421742,1,0.413720061603057
"17977","PSMD4",3.12948711544353,0.00958641838559262,0.686289555378498,6,"PSMD4",0.00503697091928265,1,1,0.000000000000000072321779013892,0.000000984041392069403,1,1,0.0000000000000274932766866974,1,1,0.00358025645175396,0.0000222922215550955,1,0.990295450400155,1,1,1.22058806868398,1.04473553563378,1,1,0.966234581570542,1,1,1.17051678470999,1.01343356628458,1,0.413720061603057
"21902","SYNJ2BP",-3.12902475091708,0.0095943254597471,-0.686235910880076,5,"SYNJ2BP",1,1,1,0.0000000000171234231610327,0.00471082933268628,1,1,0.000194439285650253,1,1,0.0190371612759786,0.00959887442551619,1,1,1,1,0.852372241063086,0.942773749081406,1,1,1.02062335834717,1,1,0.854111139049535,0.977965668973673,1,0.413720061603057
"2817","CBL",3.12418352962408,0.00967751475714533,0.685673549271946,7,"CBL",0.000128178684605539,1,1,0.000000000463974296745394,0.00654020693241855,1,1,0.00000000000000000674323939571638,1,1,0.00166203748419658,0.0000076492243125401,0.0105276329984252,1.01422426111252,1,1,1.08067627569246,1.07083416207976,1,1,1.05383162703089,1,1,1.30018128041217,0.967823499024522,1.04561832054469,0.413720061603057
"11576","LMO4",3.12389486860823,0.00968249798717502,0.685639979244762,6,"LMO4",0.000295447471314863,1,0.0313293714187584,0.00000000000000631052948946861,1,1,1,0.000000000120200847047199,1,0.0128124640404905,0.00494944100462524,1,1,1.00963307465852,1,0.894846038719463,1.16697343853294,1,1,1,1.02718598762673,1,0.970078778354888,1.35171505044266,1,1,0.413720061603057
"10355","LACTB2",-3.12347394728898,0.00968976911830495,-0.685591020075197,5,"LACTB2",0.0134066226954747,1,1,0.000000000675887503978044,0.00207614678356593,1,1,1,1,1,0.00208026372219552,0.000178634489276926,1,0.995227351769226,1,1,0.780434316516411,1.08343868003452,1,1,1,1,1,0.747628131756327,1.05637687864161,1,0.413720061603057
"5358","DNAJB14",-3.12022297916745,0.00974611396515386,-0.685212572414305,6,"DNAJB14",1,1,1,0.000000000658275620224863,0.000675059880958521,1,0.000793009337363886,0.00000000000000000000493628888577749,1,1,0.00461794977213578,0.000000745674685561565,1,1,1,1,0.72712843926667,1.08806467943227,1,1.27541461374234,1.05737344812089,1,1,0.747485827873077,1.06122704217013,1,0.413720061603057
"3488","CENPC",-3.11950304953645,0.00975863637678109,-0.685128689717778,5,"CENPC",1,1,1,0.00000000492014092087824,0.000432565051439134,1,1,0.000000000000433199413741847,1,0.0218738954182976,0.0341173485018459,1,1,1,1,1,0.803044334134314,0.888702354541537,1,1,1.0360470018747,1,0.968617421955973,0.847942208882332,1,1,0.413720061603057
"16939","PIGA",-3.11792063736633,0.00978621803651725,-0.684944218913802,5,"PIGA",0.0401369199354229,1,1,0.0000118362268946286,1,1,0.0264482513675327,0.0000771108998842401,1,1,1,0.0000211795411285786,1,0.993071226690959,1,1,0.832549104822377,1,1,1.13923229501785,1.01204193166071,1,1,1,1.08193947737464,1,0.413720061603057
"21335","SPEN",-3.11779224317432,0.00978845942328081,-0.684929245490828,8,"SPEN",0.00856086303845339,1,1,0.0000000000000103196988546521,0.000129471686243588,1,0.00476354645138065,0.0112205624793893,1,0.00741430427675612,0.0139958302919362,0.00000914726016191237,1,1.0079002432873,1,1,0.869608461840514,0.850460525810619,1,1.13686013355202,0.990144710573698,1,0.99033476313605,0.807834640551198,0.98292080982227,1,0.413720061603057
"24879","ZMYM2",-3.11649640016007,0.00981111015996629,-0.684778074758656,5,"ZMYM2",1,1,1,0.0000000811009333005157,0.0056607696136469,1,1,0.0000000226615914551341,1,1,0.0117700778470545,0.0000000023957571516362,1,1,1,1,0.821720267908747,0.924469297668346,1,1,1.02233404880663,1,1,0.963368421052632,1.07057990563656,1,0.413720061603057
"4338","CRBN",-3.11366663343744,0.00986075778496112,-0.684447651685913,6,"CRBN",0.0000148829166790831,1,1,0.0000063661781543475,0.0233657680377177,1,1,0.000000000000000951974728322386,1,1,0.00125630737498417,0.000000407702082199249,1,0.972941624439545,1,1,0.87471342643955,0.969098692470659,1,1,1.03630715791796,1,1,0.760025054394409,1.06608906074935,1,0.413720061603057
"22835","TMEM263",-3.17590998968854,0.00988789107447647,-0.708626004735688,4,"TMEM263",1,1,NA,0.00000377033526454826,1,0.0160589208179912,1,0.00000000000269238485196704,1,1,0.0303958401242966,1,1,1,1,NA,0.780382126709798,1,0.9750021946553,1,1.01502781546619,1,1,0.849942196531792,1,1,0.413720061603057
"13171","MCM9",-3.11019868761942,0.00992194904620352,-0.684042134462843,4,"MCM9",1,1,1,0.00000000000366910052577464,0.0133378025424259,1,1,1,0.0407224776584793,1,0.00997287538171409,1,1,1,1,1,0.824816802154959,1.0457428506684,1,1,1,1.03743483199856,1,0.750564784053156,1,1,0.413720061603057
"19931","SFXN4",3.17291436764617,0.00993832901636895,0.708293006212144,7,"SFXN4",1,0.00443442827261166,NA,0.00000000000000649126232184626,0.000115855590899432,1,0.00000696625879084884,0.000000641692030425669,1,1,0.000893160623710116,0.00000108545637165403,1,1,0.9669631799343,NA,1.16669766068425,1.07621326952522,1,0.699422227699786,0.976208676483897,1,1,1.26053550640279,0.965642926466274,1,0.413720061603057
